country,sector,value
ARG,01T02,3751.921661829102
ARG,03,77.53830445054238
ARG,05T06,1321.9888855212714
ARG,07T08,51.0274228793103
ARG,10T12,53.31957134995618
ARG,13T15,242.4411759132503
ARG,16,63.17202136576737
ARG,17T18,57.80887207182833
ARG,19,350.2614826862572
ARG,20,212.99346130289226
ARG,21,48.96662423432576
ARG,22,418.66945460485186
ARG,23,1330.3533419387888
ARG,24,650.8251788549235
ARG,25,11.656195331475006
ARG,26,3.421308204874821
ARG,27,4.944064347915937
ARG,28,8.118601409229045
ARG,29T30,9.18853699208809
ARG,31T33,335.84980188900914
ARG,35,1700.5360466842865
ARG,36T39,50.80757072072782
ARG,41T43,10.424179370049231
ARG,45T47,31.496280556873074
ARG,49,365.7019161369675
ARG,50,1461.007927397783
ARG,51,1220.0664522803304
ARG,52,106.03864189457033
ARG,53,51.5925691393973
ARG,55T56,11.951498743234568
ARG,58T60,12.712857277462211
ARG,61,14.227231877901254
ARG,62T63,12.249738448820674
ARG,64T66,13.831174837738793
ARG,68,9.890066356516158
ARG,69T75,16.857078720630096
ARG,77T82,31.917315657966014
ARG,84,33.169102931236615
ARG,85,13.638440400329312
ARG,86T88,12.174516758227591
ARG,90T93,16.30425062676191
ARG,94T98,8.838317738450902
AUS,01T02,2670.900305959225
AUS,03,150.16181899332216
AUS,05T06,349.150448869764
AUS,07T08,199.17610294927198
AUS,10T12,40.53584508449444
AUS,13T15,89.73456971604556
AUS,16,33.339010343583745
AUS,17T18,78.23935233678411
AUS,19,1315.9393294878062
AUS,20,768.4847804590448
AUS,21,185.4944448792026
AUS,22,62.865004356871964
AUS,23,714.917293427128
AUS,24,593.3562873312093
AUS,25,19.503672554243085
AUS,26,4.151482037176262
AUS,27,5.1369716801312135
AUS,28,6.4181735167579195
AUS,29T30,5.7629492667672375
AUS,31T33,20.611433260212287
AUS,35,3146.065948022762
AUS,36T39,26.180959071254115
AUS,41T43,26.07413369776974
AUS,45T47,15.38681395954277
AUS,49,371.9015406836791
AUS,50,483.1064134733055
AUS,51,1011.409211362574
AUS,52,16.114459113471565
AUS,53,106.09309747927308
AUS,55T56,6.0541262984031965
AUS,58T60,11.498316789106045
AUS,61,33.70602244703729
AUS,62T63,3.6898445470452246
AUS,64T66,8.416760541731337
AUS,68,4.007029416669843
AUS,69T75,8.630043085895192
AUS,77T82,7.057330306013566
AUS,84,11.710540941276955
AUS,85,4.772938367074307
AUS,86T88,5.935623497658179
AUS,90T93,6.072423010992886
AUS,94T98,5.634738735896535
AUT,01T02,773.3936365933283
AUT,03,38.27640782531801
AUT,05T06,1963.196322299265
AUT,07T08,292.2867670192239
AUT,10T12,29.31333450070325
AUT,13T15,26.480853594131155
AUT,16,34.44353039281215
AUT,17T18,155.46204753654152
AUT,19,192.86544730066268
AUT,20,184.22221073375312
AUT,21,70.05710842798567
AUT,22,7.534533708763515
AUT,23,654.2897941735748
AUT,24,429.81555736416544
AUT,25,7.803115757311794
AUT,26,6.457074062479458
AUT,27,9.09662424810057
AUT,28,7.695220482383187
AUT,29T30,6.863792279919546
AUT,31T33,13.848621724737022
AUT,35,212.20784583801222
AUT,36T39,25.207029353277612
AUT,41T43,26.143499072967142
AUT,45T47,14.517435491162693
AUT,49,186.07284773499362
AUT,50,665.2153120244665
AUT,51,851.2526756397847
AUT,52,17.909873756680074
AUT,53,12.836967828072076
AUT,55T56,15.80050794783844
AUT,58T60,5.555301554649489
AUT,61,5.475496465076179
AUT,62T63,7.880257964232106
AUT,64T66,4.902409732722297
AUT,68,6.721045936899607
AUT,69T75,9.400847326783444
AUT,77T82,14.491555974997032
AUT,84,22.551558364221165
AUT,85,21.393802946736574
AUT,86T88,23.100332313795725
AUT,90T93,21.574822093568912
AUT,94T98,18.09117797340343
BEL,01T02,1078.1827397390325
BEL,03,169.01015031012847
BEL,05T06,182489.42598308506
BEL,07T08,103.89415602513297
BEL,10T12,47.57949598873317
BEL,13T15,46.62657920076305
BEL,16,17.74481864726119
BEL,17T18,61.662367471474035
BEL,19,180.58189934697475
BEL,20,343.4309590077122
BEL,21,98.53124095346897
BEL,22,24.06870720602846
BEL,23,783.7828678068388
BEL,24,202.10224549654978
BEL,25,12.925520622191234
BEL,26,11.378956236217876
BEL,27,11.538054583344149
BEL,28,11.594774853872671
BEL,29T30,8.372036150155955
BEL,31T33,32.51813012271661
BEL,35,907.9130655854416
BEL,36T39,24.299495920243032
BEL,41T43,14.76769218981108
BEL,45T47,16.219749018574372
BEL,49,127.71835186014837
BEL,50,2254.757130620227
BEL,51,734.1282356652144
BEL,52,27.37312607403935
BEL,53,38.299298368344616
BEL,55T56,13.251625287093958
BEL,58T60,11.636049413241063
BEL,61,9.935837336526982
BEL,62T63,9.285150893482665
BEL,64T66,6.189667010556314
BEL,68,11.631736801561493
BEL,69T75,13.47378850007553
BEL,77T82,31.61475377389689
BEL,84,21.766831922474918
BEL,85,12.114923184418432
BEL,86T88,16.623803789313218
BEL,90T93,13.213744552343847
BEL,94T98,12.337353666601606
BGR,01T02,1916.5890576272932
BGR,03,76.65084669246924
BGR,05T06,850.3771714014656
BGR,07T08,263.3612561382199
BGR,10T12,50.657291993785684
BGR,13T15,25.57968776927267
BGR,16,85.43758247612888
BGR,17T18,90.56665283504898
BGR,19,457.2179773728705
BGR,20,2067.074155456965
BGR,21,946.5931104724053
BGR,22,12.816561210050654
BGR,23,2449.719569800641
BGR,24,68.07189516595419
BGR,25,26.379214571074723
BGR,26,18.051500170218667
BGR,27,16.35861174273492
BGR,28,19.066675284368827
BGR,29T30,11.707780629310944
BGR,31T33,16.0582564492654
BGR,35,5239.640260709884
BGR,36T39,49.913216983362815
BGR,41T43,68.47372784976704
BGR,45T47,37.421304898944406
BGR,49,534.7228406787045
BGR,50,1245.6624132503625
BGR,51,455.1016404200717
BGR,52,34.71017768571157
BGR,53,100.41959299545479
BGR,55T56,11.601580063831634
BGR,58T60,7.925417116306117
BGR,61,11.27148229538115
BGR,62T63,7.312874693156158
BGR,64T66,8.677922468008342
BGR,68,8.23275212414295
BGR,69T75,9.339343816632455
BGR,77T82,31.746290612700697
BGR,84,6.175942720996443
BGR,85,8.021875407864878
BGR,86T88,9.341514973932341
BGR,90T93,8.529013036542606
BGR,94T98,8.11106067380336
BRA,01T02,7948.681707145448
BRA,03,11.662928510580498
BRA,05T06,871.1265085788615
BRA,07T08,267.8043779715307
BRA,10T12,35.824121034873876
BRA,13T15,19.744123336799657
BRA,16,16.290215178947577
BRA,17T18,134.65915286700874
BRA,19,300.09947140548644
BRA,20,251.9653353937935
BRA,21,135.22297168106354
BRA,22,121.83695198106605
BRA,23,2044.5308438704556
BRA,24,1288.5510314169055
BRA,25,8.436412066769034
BRA,26,3.7995522737207175
BRA,27,10.324752679106968
BRA,28,6.263748303323329
BRA,29T30,6.774527037769167
BRA,31T33,63.19801520371212
BRA,35,514.9655245715071
BRA,36T39,18.869592211855952
BRA,41T43,21.497510951462893
BRA,45T47,21.87568619394987
BRA,49,389.92052150332194
BRA,50,1447.9485424631553
BRA,51,1274.9574942214263
BRA,52,21.682511319748826
BRA,53,28.20227429026802
BRA,55T56,10.151342319927773
BRA,58T60,3.8085548220910126
BRA,61,2.35752156408748
BRA,62T63,3.6633036484978727
BRA,64T66,3.0642675299085305
BRA,68,1.7063025302773172
BRA,69T75,6.109786755278204
BRA,77T82,8.96431779104374
BRA,84,6.292474952403737
BRA,85,2.7142011830046457
BRA,86T88,2.732418295332952
BRA,90T93,7.773003245052678
BRA,94T98,5.244055198340337
BRN,01T02,3020.3617634211478
BRN,03,187.82997720787958
BRN,05T06,737.0556835578525
BRN,07T08,19.796276342130042
BRN,10T12,97.35443285495344
BRN,13T15,93.84904647790601
BRN,16,301.1243741823235
BRN,17T18,310.84471083365963
BRN,19,73.66217841770316
BRN,20,17.676647919582656
BRN,21,0.0
BRN,22,5470.80492987104
BRN,23,1591.1101284590998
BRN,24,0.0
BRN,25,461.1105561037396
BRN,26,328.4720342658788
BRN,27,90.3082734876601
BRN,28,214.0492678220615
BRN,29T30,62.19380305758904
BRN,31T33,5401.007120387684
BRN,35,12073.36278617291
BRN,36T39,38.46626256760171
BRN,41T43,126.36985344325454
BRN,45T47,74.78963691333553
BRN,49,684.9846253681928
BRN,50,2317.6227878527316
BRN,51,1382.9547070723331
BRN,52,96.71031708521335
BRN,53,0.0
BRN,55T56,27.386574689755474
BRN,58T60,43.94208748170329
BRN,61,17.4803627028268
BRN,62T63,60.40467145294536
BRN,64T66,32.22212808758985
BRN,68,9.821815996241588
BRN,69T75,89.06033097770175
BRN,77T82,123.69016913974735
BRN,84,79.07589129343033
BRN,85,25.502823237471727
BRN,86T88,33.302680592695864
BRN,90T93,69.85245530247029
BRN,94T98,29.433004762004835
CAN,01T02,2661.9122028085803
CAN,03,70.22155904579837
CAN,05T06,1305.6456745827463
CAN,07T08,239.10626960881015
CAN,10T12,47.49522456092986
CAN,13T15,35.36707225126012
CAN,16,140.74575723147223
CAN,17T18,184.7043353794754
CAN,19,951.6084644765674
CAN,20,578.6456632392418
CAN,21,178.1448389046143
CAN,22,231.73565358659877
CAN,23,827.6844877987224
CAN,24,417.4071099601691
CAN,25,16.01474132736022
CAN,26,10.480803911090003
CAN,27,10.862507194134754
CAN,28,12.699944422462746
CAN,29T30,10.8574775683977
CAN,31T33,200.9613957255828
CAN,35,1802.487128200463
CAN,36T39,96.4377382074492
CAN,41T43,77.60579457469845
CAN,45T47,46.68802283548207
CAN,49,507.29042948933096
CAN,50,1488.4741317114951
CAN,51,1868.1125387729637
CAN,52,44.3827814297418
CAN,53,127.18482959144967
CAN,55T56,26.408480233066772
CAN,58T60,30.115373398292228
CAN,61,38.87774026397896
CAN,62T63,25.448260219673678
CAN,64T66,28.73377861472206
CAN,68,28.613005661918596
CAN,69T75,32.46057714493281
CAN,77T82,72.26860932403652
CAN,84,38.94850968180659
CAN,85,45.32365511282498
CAN,86T88,36.352652923849206
CAN,90T93,34.08794359836288
CAN,94T98,40.59485740418893
CHE,01T02,589.4932204338676
CHE,03,0.0
CHE,05T06,869.0477199751978
CHE,07T08,23.589345767790817
CHE,10T12,19.536864495818882
CHE,13T15,26.86074038575173
CHE,16,6.919499776572789
CHE,17T18,39.99355391228138
CHE,19,102.58629317610267
CHE,20,43.23550785930528
CHE,21,17.00410478792922
CHE,22,47.11569801704044
CHE,23,590.9958702549378
CHE,24,83.07172163879886
CHE,25,10.46027812211922
CHE,26,8.977784544150206
CHE,27,17.30030822111709
CHE,28,6.708043081968389
CHE,29T30,1.7120164589758444
CHE,31T33,16.33712455310809
CHE,35,43.500316991514495
CHE,36T39,11.422680260482348
CHE,41T43,7.33255832247847
CHE,45T47,22.721778573749717
CHE,49,48.31539702544789
CHE,50,291.751801365616
CHE,51,786.1458618451762
CHE,52,27.560300186628318
CHE,53,16.59805174212778
CHE,55T56,7.199784631459958
CHE,58T60,5.784364679616924
CHE,61,4.799773834759281
CHE,62T63,4.809810403848978
CHE,64T66,4.5710457221364615
CHE,68,4.519623319857714
CHE,69T75,6.650026699120357
CHE,77T82,8.569913977067682
CHE,84,6.775989954488745
CHE,85,7.702028836547735
CHE,86T88,5.232198458911341
CHE,90T93,8.735476403534694
CHE,94T98,5.674532905481898
CHL,01T02,688.3728418642434
CHL,03,162.7276396675657
CHL,05T06,4428.607225989455
CHL,07T08,368.49373226260934
CHL,10T12,13.036569500204697
CHL,13T15,3.918824361372348
CHL,16,7.083899763218252
CHL,17T18,132.9443220252054
CHL,19,185.97190464595133
CHL,20,191.71362974722095
CHL,21,31.49058154375429
CHL,22,647.2002675164468
CHL,23,971.5080555343758
CHL,24,43.71995148652594
CHL,25,6.215781301969487
CHL,26,2.308169211398246
CHL,27,2.817532601118605
CHL,28,9.278202022137656
CHL,29T30,2.166280562000515
CHL,31T33,287.49926824810507
CHL,35,1771.5659248323007
CHL,36T39,31.71441841227813
CHL,41T43,29.374587411209692
CHL,45T47,18.849217188525017
CHL,49,386.69632217946236
CHL,50,1950.4305055249874
CHL,51,2028.3629745998078
CHL,52,20.666715131928328
CHL,53,15.272524017567756
CHL,55T56,12.427703019279907
CHL,58T60,12.009126949222104
CHL,61,10.468224922743257
CHL,62T63,9.702950248158174
CHL,64T66,9.725030790460103
CHL,68,9.919444862758338
CHL,69T75,13.81025430795339
CHL,77T82,21.869456169395175
CHL,84,18.006672152233737
CHL,85,11.65060094361691
CHL,86T88,19.11855092465742
CHL,90T93,11.925692204771522
CHL,94T98,23.070127435722004
CHN,01T02,766.7313376058951
CHN,03,29.29930476464695
CHN,05T06,561.9669609216708
CHN,07T08,897.5915736903827
CHN,10T12,43.09816973829378
CHN,13T15,17.071508562657367
CHN,16,70.5592587823861
CHN,17T18,60.86979580551137
CHN,19,746.5681929425951
CHN,20,397.4866225047309
CHN,21,222.33688220778723
CHN,22,265.4611163310994
CHN,23,1502.4499554875486
CHN,24,1160.9240527810225
CHN,25,24.152020134991403
CHN,26,15.160738550689434
CHN,27,14.82263238220156
CHN,28,19.908750481151547
CHN,29T30,19.820099552459382
CHN,31T33,255.28169747426693
CHN,35,4695.247377290202
CHN,36T39,31.572589722815835
CHN,41T43,34.06075854973757
CHN,45T47,22.67467721867494
CHN,49,192.8188869251794
CHN,50,1849.8638556176559
CHN,51,917.1949196881533
CHN,52,233.4648212872433
CHN,53,66.70647527036778
CHN,55T56,15.279459344634747
CHN,58T60,19.181047660643586
CHN,61,18.409141333562257
CHN,62T63,13.749217332102868
CHN,64T66,13.741721284249431
CHN,68,14.336505505309388
CHN,69T75,42.68540992347601
CHN,77T82,48.051428264510236
CHN,84,19.31540509182391
CHN,85,19.407091411670287
CHN,86T88,12.879508968979207
CHN,90T93,17.098275364986133
CHN,94T98,16.37338305252024
COL,01T02,4749.362618323817
COL,03,15.20683084622374
COL,05T06,596.7871464387495
COL,07T08,960.0257693335288
COL,10T12,64.36653654233439
COL,13T15,174.37621464494336
COL,16,35.55996847791735
COL,17T18,244.97754869119672
COL,19,497.0511531267329
COL,20,86.84926210446358
COL,21,69.4125861688326
COL,22,31.21350662298259
COL,23,1101.9107668940533
COL,24,695.4628985327379
COL,25,15.108117178621928
COL,26,16.8826862832731
COL,27,17.169311889683588
COL,28,7.14253269827157
COL,29T30,11.353520232496429
COL,31T33,39.10291861473993
COL,35,540.0206129461452
COL,36T39,36.13115011559786
COL,41T43,22.223176596330788
COL,45T47,35.16421008117669
COL,49,409.427229103067
COL,50,1240.3868840541072
COL,51,1021.8234376248279
COL,52,37.46365658504115
COL,53,108.31389782270436
COL,55T56,6.484925882559171
COL,58T60,13.837206443711404
COL,61,11.220809555293217
COL,62T63,9.357182932432792
COL,64T66,8.134805816266836
COL,68,4.772414736939848
COL,69T75,13.796046310951544
COL,77T82,10.019069436217032
COL,84,27.907185502609362
COL,85,4.814696362026519
COL,86T88,9.079799352522299
COL,90T93,7.239512873994298
COL,94T98,6.108179127996117
CRI,01T02,921.4266141343962
CRI,03,206.5342689178388
CRI,05T06,157.82259230049848
CRI,07T08,275.5324692167801
CRI,10T12,60.45212711612678
CRI,13T15,132.1092878961704
CRI,16,104.8138652394914
CRI,17T18,55.13176098640878
CRI,19,215.25104554381704
CRI,20,31.404547859891487
CRI,21,43.18856314596715
CRI,22,33.596409542981796
CRI,23,1336.6479140922258
CRI,24,22.075576354400425
CRI,25,22.072918931651067
CRI,26,6.301703009991378
CRI,27,1.8437304935735772
CRI,28,0.0
CRI,29T30,20.425676058454535
CRI,31T33,61.360743386098335
CRI,35,64.01591559565227
CRI,36T39,41.842301497816905
CRI,41T43,35.60706927079585
CRI,45T47,29.157649399767347
CRI,49,286.96687345165634
CRI,50,1483.780934420324
CRI,51,286.5568769507852
CRI,52,87.75340286748661
CRI,53,26.78427168496666
CRI,55T56,18.16649431110997
CRI,58T60,22.26505209521604
CRI,61,9.687532301822857
CRI,62T63,5.6577661464945255
CRI,64T66,4.266006844193661
CRI,68,3.761675062592105
CRI,69T75,17.694584581380738
CRI,77T82,37.006899213279816
CRI,84,15.69513107939129
CRI,85,5.801325275323667
CRI,86T88,10.201626829612168
CRI,90T93,54.177680287054116
CRI,94T98,13.734407728467424
CYP,01T02,575.013310688728
CYP,03,96.60928994089491
CYP,05T06,111.20011703487033
CYP,07T08,387.5480025130184
CYP,10T12,40.81887762445767
CYP,13T15,0.0
CYP,16,15.312125985270354
CYP,17T18,24.20213685723737
CYP,19,4132.861031035519
CYP,20,28.418625413236136
CYP,21,24.72622197781494
CYP,22,41.621973718663575
CYP,23,3197.7156744118365
CYP,24,27.47190587125328
CYP,25,14.530901649874025
CYP,26,18.964848791178017
CYP,27,0.0
CYP,28,0.0
CYP,29T30,0.0
CYP,31T33,13.55930828651145
CYP,35,4240.163369597865
CYP,36T39,16.18216450638886
CYP,41T43,15.912052073235266
CYP,45T47,23.323139419741707
CYP,49,277.14866967941236
CYP,50,151.881337752135
CYP,51,1173.8966469057914
CYP,52,18.36871694294139
CYP,53,87.07858796299881
CYP,55T56,6.571631020664052
CYP,58T60,4.451433570274181
CYP,61,5.363677251629358
CYP,62T63,2.9232521561122433
CYP,64T66,7.5279717007125
CYP,68,3.9113289280845884
CYP,69T75,5.839824340205024
CYP,77T82,20.19218478437198
CYP,84,12.268458200188546
CYP,85,5.3268857882085765
CYP,86T88,7.6969358945279165
CYP,90T93,8.413689024539291
CYP,94T98,5.586303818508274
CZE,01T02,776.6636896929454
CZE,03,12.93919990561189
CZE,05T06,1883.7765320612475
CZE,07T08,291.4949984539918
CZE,10T12,71.71914881100038
CZE,13T15,55.44887913775057
CZE,16,66.44754694246124
CZE,17T18,74.83642943113551
CZE,19,649.5977064823101
CZE,20,485.73464657563613
CZE,21,227.77230007811684
CZE,22,25.332845424391174
CZE,23,1065.5483348819846
CZE,24,613.5284570034673
CZE,25,21.279536529682662
CZE,26,12.349532647382867
CZE,27,12.870856702514645
CZE,28,19.743833527458964
CZE,29T30,11.927394475519689
CZE,31T33,26.85191350616808
CZE,35,2822.418910599191
CZE,36T39,49.91281072157835
CZE,41T43,32.12646248950732
CZE,45T47,51.34749687476674
CZE,49,303.19696545344203
CZE,50,1252.1368292320954
CZE,51,488.03454715180345
CZE,52,56.85687399550005
CZE,53,44.8163933960804
CZE,55T56,18.228471738647745
CZE,58T60,15.382249572488936
CZE,61,16.45069186449377
CZE,62T63,16.44416972859124
CZE,64T66,16.766772746092485
CZE,68,21.77601496639813
CZE,69T75,19.341330512817006
CZE,77T82,41.81814058682142
CZE,84,22.8670851155658
CZE,85,13.329105869843774
CZE,86T88,15.305160711781713
CZE,90T93,18.523177044565394
CZE,94T98,15.437192349622327
DEU,01T02,1218.4727583458841
DEU,03,154.08270787429277
DEU,05T06,1251.8416037305988
DEU,07T08,221.25713967922985
DEU,10T12,38.411208602910826
DEU,13T15,24.599427502746064
DEU,16,25.070507592321988
DEU,17T18,96.10284750048595
DEU,19,389.69616771819767
DEU,20,212.41399367517366
DEU,21,83.55132151300408
DEU,22,14.46891004835701
DEU,23,650.6731094212777
DEU,24,495.791007738357
DEU,25,9.158404891391108
DEU,26,9.453691700458846
DEU,27,9.693070976142986
DEU,28,8.665674540440078
DEU,29T30,6.76143563051173
DEU,31T33,13.622833814126109
DEU,35,1472.5077282366321
DEU,36T39,22.168613979101025
DEU,41T43,27.70675803161532
DEU,45T47,19.76988328213154
DEU,49,87.65991712028692
DEU,50,418.91846383073647
DEU,51,1077.887507999256
DEU,52,51.197304931037394
DEU,53,41.87670464453734
DEU,55T56,10.956150251946573
DEU,58T60,11.893217268540408
DEU,61,10.883351118318627
DEU,62T63,9.828973252736866
DEU,64T66,8.974193190243346
DEU,68,8.832687268554912
DEU,69T75,12.470733029789123
DEU,77T82,14.494770644891135
DEU,84,15.802401453253413
DEU,85,10.356329942093758
DEU,86T88,10.626408593551542
DEU,90T93,13.92707774904674
DEU,94T98,11.428215665083139
DNK,01T02,1292.6148106929138
DNK,03,461.0395017849247
DNK,05T06,567.0854406216721
DNK,07T08,173.31228345171743
DNK,10T12,44.651802012429606
DNK,13T15,9.957390726527928
DNK,16,13.376241143410487
DNK,17T18,29.01613525151943
DNK,19,214.0353050515063
DNK,20,49.458593992478804
DNK,21,13.310486996668345
DNK,22,6.540737867934298
DNK,23,751.3240688308574
DNK,24,73.78527662899891
DNK,25,10.941634431785298
DNK,26,5.262180050892616
DNK,27,5.634410164267522
DNK,28,6.344525955060902
DNK,29T30,8.415458069120772
DNK,31T33,6.638804613349221
DNK,35,1173.042037726939
DNK,36T39,10.818834471839397
DNK,41T43,18.492317655739352
DNK,45T47,7.256296313250939
DNK,49,152.85041840802472
DNK,50,900.9740914150495
DNK,51,789.6090796839841
DNK,52,10.292081789527286
DNK,53,19.019901144789248
DNK,55T56,3.173476206704826
DNK,58T60,2.7847203843975015
DNK,61,3.3472679178978
DNK,62T63,2.6730514774056724
DNK,64T66,2.399301309367442
DNK,68,2.9896934251529323
DNK,69T75,3.3627099339286315
DNK,77T82,8.123246375789387
DNK,84,8.53213015246628
DNK,85,3.121598182679141
DNK,86T88,2.4232054389869018
DNK,90T93,4.3492866267547665
DNK,94T98,3.261927578631637
ESP,01T02,723.3543396616215
ESP,03,363.28087635975714
ESP,05T06,5481.794047592598
ESP,07T08,248.3945226101935
ESP,10T12,25.222110844715097
ESP,13T15,19.867004281125258
ESP,16,64.426354313892
ESP,17T18,74.64725661716324
ESP,19,300.74510557643873
ESP,20,215.53266254704874
ESP,21,105.33202807324858
ESP,22,25.138063438908315
ESP,23,1034.1364071618914
ESP,24,234.11378174673584
ESP,25,18.928392101303146
ESP,26,14.232662107968595
ESP,27,26.06217783446502
ESP,28,17.678974748361426
ESP,29T30,7.710117360886968
ESP,31T33,27.312870981740836
ESP,35,916.0992946073846
ESP,36T39,34.966844000014795
ESP,41T43,25.993238367249784
ESP,45T47,13.475887958439541
ESP,49,253.83837115248846
ESP,50,3822.867660280066
ESP,51,1223.4887260025964
ESP,52,14.959620687945478
ESP,53,43.16133323047346
ESP,55T56,8.761678926407065
ESP,58T60,9.153263083990698
ESP,61,8.188459643597634
ESP,62T63,10.326285713635919
ESP,64T66,11.556903661292036
ESP,68,7.680509449639929
ESP,69T75,10.360804818498803
ESP,77T82,13.42256785257558
ESP,84,15.595565575695371
ESP,85,14.37385136233957
ESP,86T88,8.55393351746995
ESP,90T93,12.036479496352147
ESP,94T98,7.156782375589353
EST,01T02,2084.6425905301267
EST,03,94.25392997457314
EST,05T06,2527.96240547991
EST,07T08,3909.461296331978
EST,10T12,41.154823690305456
EST,13T15,10.5038439570941
EST,16,254.17835840750638
EST,17T18,106.49293598432541
EST,19,7410.189393134871
EST,20,185.6595697691389
EST,21,23.774080145888718
EST,22,11.171886136305757
EST,23,829.8596015125026
EST,24,22.007111346195753
EST,25,6.109040407689529
EST,26,2.530998459653876
EST,27,3.3543544796248512
EST,28,5.346177776554724
EST,29T30,12.102546130118078
EST,31T33,19.428997037254828
EST,35,5248.64912504089
EST,36T39,23.433865428767
EST,41T43,52.60756398313069
EST,45T47,17.985473805289633
EST,49,325.60315380727354
EST,50,1068.8038922201367
EST,51,103.92163758637682
EST,52,21.618469464066802
EST,53,19.75885200996081
EST,55T56,9.924791615718501
EST,58T60,11.639492919518586
EST,61,10.023020406546928
EST,62T63,11.03506901011843
EST,64T66,9.906144184160361
EST,68,10.521733459497295
EST,69T75,13.873935717498652
EST,77T82,18.3491225330555
EST,84,16.127370266274642
EST,85,13.922538091609065
EST,86T88,11.85472214057841
EST,90T93,16.657996671715495
EST,94T98,13.295332319008569
FIN,01T02,1152.3889784080368
FIN,03,379.2889170089585
FIN,05T06,10189.474342516605
FIN,07T08,68.33395019422926
FIN,10T12,14.309084385676048
FIN,13T15,7.6126454300923845
FIN,16,8.776769780655961
FIN,17T18,118.06590784408148
FIN,19,284.18753373637475
FIN,20,323.8659424493107
FIN,21,88.1974328497748
FIN,22,52.00432119531949
FIN,23,492.1218838555171
FIN,24,352.1331541048461
FIN,25,2.359677960754848
FIN,26,3.0566619221814397
FIN,27,2.705605465311577
FIN,28,2.5459736277629403
FIN,29T30,9.187675695517553
FIN,31T33,21.63724371142268
FIN,35,1557.277648829933
FIN,36T39,19.135520725321335
FIN,41T43,34.47189300464398
FIN,45T47,5.5192360059588985
FIN,49,168.37870625260956
FIN,50,1124.6315537666937
FIN,51,998.7239630999153
FIN,52,37.82134441505116
FIN,53,19.520354067593217
FIN,55T56,3.4748099307038434
FIN,58T60,3.454989604085352
FIN,61,3.360686667925276
FIN,62T63,3.1478264242731817
FIN,64T66,7.58347831231592
FIN,68,12.908713486277255
FIN,69T75,4.6245424518946265
FIN,77T82,8.973455213191828
FIN,84,9.761963173178685
FIN,85,5.461784629803987
FIN,86T88,5.374084689783326
FIN,90T93,11.726249635535147
FIN,94T98,6.8190594517487675
FRA,01T02,898.3510273590049
FRA,03,339.9293818234469
FRA,05T06,13959.818669268465
FRA,07T08,204.58929541373266
FRA,10T12,48.148831834253976
FRA,13T15,28.507103199343632
FRA,16,33.740922087847615
FRA,17T18,73.95491662867774
FRA,19,173.43791883052276
FRA,20,215.2759607299064
FRA,21,89.15967689794448
FRA,22,28.600437199805285
FRA,23,675.7751964307334
FRA,24,753.1927400992577
FRA,25,14.948779994373908
FRA,26,15.035473667906032
FRA,27,13.895581714583205
FRA,28,15.732012623964419
FRA,29T30,7.203778968149427
FRA,31T33,15.077841581356516
FRA,35,200.61464934474228
FRA,36T39,18.37078264321039
FRA,41T43,16.99046655780192
FRA,45T47,18.430446536040606
FRA,49,121.91401199386416
FRA,50,683.5715658660963
FRA,51,959.2832813878003
FRA,52,19.26952202278994
FRA,53,14.434824925474906
FRA,55T56,7.957285790692507
FRA,58T60,14.571184290689086
FRA,61,13.666680445051275
FRA,62T63,11.218583222050468
FRA,64T66,8.897356240661706
FRA,68,7.279135739221618
FRA,69T75,11.580851207929715
FRA,77T82,13.653561174818243
FRA,84,13.082591448857809
FRA,85,9.353061587837614
FRA,86T88,8.281093346647006
FRA,90T93,18.39550476941145
FRA,94T98,10.249788513097538
GBR,01T02,1410.3452153641574
GBR,03,195.790011447267
GBR,05T06,496.16402522019706
GBR,07T08,31.31550637256609
GBR,10T12,35.42814954901715
GBR,13T15,49.31918167381454
GBR,16,28.198917537418325
GBR,17T18,39.06565948136283
GBR,19,360.6020980157232
GBR,20,248.81930285520372
GBR,21,52.47234539486636
GBR,22,128.2238342732129
GBR,23,629.1019528920431
GBR,24,592.7975423712081
GBR,25,25.414457601814412
GBR,26,19.541173255330403
GBR,27,20.582377549733703
GBR,28,20.690185752384643
GBR,29T30,15.06053419593938
GBR,31T33,79.71412204205303
GBR,35,420.25188202310966
GBR,36T39,12.416745244289597
GBR,41T43,12.840096074735868
GBR,45T47,29.205661887449406
GBR,49,194.88164740123935
GBR,50,546.2104414916441
GBR,51,1308.3149246919781
GBR,52,33.210794937602635
GBR,53,38.825047705393374
GBR,55T56,7.771023673777942
GBR,58T60,7.420105578465651
GBR,61,9.893161005058792
GBR,62T63,7.44779667276026
GBR,64T66,11.169467477334232
GBR,68,7.1743185054254095
GBR,69T75,10.377204514359184
GBR,77T82,14.383171502306933
GBR,84,14.635066819476645
GBR,85,10.183832352223119
GBR,86T88,10.19728581707988
GBR,90T93,9.448656121049247
GBR,94T98,8.0918141776662
GRC,01T02,671.087801600274
GRC,03,92.21687760248702
GRC,05T06,10802.041943203676
GRC,07T08,276.4278074609702
GRC,10T12,45.347758480606764
GRC,13T15,35.29685893138974
GRC,16,39.555441999292434
GRC,17T18,44.08301969123491
GRC,19,338.76600229151853
GRC,20,298.271955732975
GRC,21,30.33804647366422
GRC,22,96.79969648867919
GRC,23,2812.9434300522666
GRC,24,281.0255890943251
GRC,25,30.76751257305061
GRC,26,14.00159123224208
GRC,27,11.093035564215592
GRC,28,18.780554381627763
GRC,29T30,71.22138342961537
GRC,31T33,63.402447299826925
GRC,35,2402.1148510608023
GRC,36T39,25.349841375184198
GRC,41T43,46.451686068036885
GRC,45T47,24.925402352089986
GRC,49,102.41269923357424
GRC,50,1300.0476240418086
GRC,51,666.9098531358244
GRC,52,77.44393226786805
GRC,53,102.73370839853948
GRC,55T56,9.45922308707027
GRC,58T60,4.3987332852537335
GRC,61,7.67882487339559
GRC,62T63,10.409433733486328
GRC,64T66,4.13822693295678
GRC,68,3.2865960156894394
GRC,69T75,13.91065792227019
GRC,77T82,19.333086143392112
GRC,84,10.526395583070398
GRC,85,8.660669490193868
GRC,86T88,8.730812564864848
GRC,90T93,16.405705910302554
GRC,94T98,11.49393338838841
HRV,01T02,1136.8596056007812
HRV,03,244.02326360989807
HRV,05T06,4061.6824568490006
HRV,07T08,82.49726398185365
HRV,10T12,62.382763350183325
HRV,13T15,23.46642506509404
HRV,16,16.770422453425684
HRV,17T18,78.87151384558584
HRV,19,312.2745759275517
HRV,20,2550.5480837382406
HRV,21,158.5552374548693
HRV,22,15.269453388535965
HRV,23,2119.0253344247776
HRV,24,245.7253102765218
HRV,25,20.060928865194576
HRV,26,12.469571896387153
HRV,27,17.440311180549116
HRV,28,15.788987372261266
HRV,29T30,12.713190867862584
HRV,31T33,15.478426524771724
HRV,35,786.7414404562649
HRV,36T39,40.58525315858875
HRV,41T43,127.75290499528867
HRV,45T47,24.151803192163104
HRV,49,207.37592569836468
HRV,50,2161.821907568281
HRV,51,371.7582679843913
HRV,52,44.76576373184112
HRV,53,48.40780148674849
HRV,55T56,11.58841814441138
HRV,58T60,11.479085851879745
HRV,61,14.963711659303659
HRV,62T63,17.21723218807104
HRV,64T66,14.92847746437635
HRV,68,11.75090336116878
HRV,69T75,21.246344410713576
HRV,77T82,26.63682489314607
HRV,84,32.93078695294057
HRV,85,13.06492098069654
HRV,86T88,21.673941298823813
HRV,90T93,22.74922386117785
HRV,94T98,12.203091849961536
HUN,01T02,1238.0616403641282
HUN,03,179.08219199658424
HUN,05T06,6717.446376758597
HUN,07T08,176.5079371988942
HUN,10T12,70.59227425091693
HUN,13T15,31.438247017216433
HUN,16,56.72397305481907
HUN,17T18,134.65858154777672
HUN,19,253.0495991841992
HUN,20,748.2688497006227
HUN,21,172.3347041672915
HUN,22,26.773186436204885
HUN,23,909.7228053709524
HUN,24,402.39962055928606
HUN,25,18.1824983557593
HUN,26,14.420821269140694
HUN,27,16.196558665726027
HUN,28,16.79243787497085
HUN,29T30,6.743820021881934
HUN,31T33,27.66917634251528
HUN,35,2142.285100048106
HUN,36T39,47.38957966095461
HUN,41T43,57.09077386970926
HUN,45T47,43.75101148857981
HUN,49,300.38254071403367
HUN,50,1763.4907025764508
HUN,51,1267.922009094402
HUN,52,70.56074632719786
HUN,53,42.45039619957362
HUN,55T56,20.36875043777593
HUN,58T60,20.18558161614959
HUN,61,22.312593165117214
HUN,62T63,22.137274939586742
HUN,64T66,22.498856230572596
HUN,68,23.71408939923427
HUN,69T75,27.42818798761092
HUN,77T82,35.18578799382399
HUN,84,24.13645953750154
HUN,85,21.97862177326606
HUN,86T88,24.0341641360024
HUN,90T93,26.006474015509674
HUN,94T98,25.47884836780098
IDN,01T02,6486.441435658018
IDN,03,22.811697342804774
IDN,05T06,1311.2671538081988
IDN,07T08,346.97709484223117
IDN,10T12,23.70762679166344
IDN,13T15,55.99206327942283
IDN,16,288.68977293178557
IDN,17T18,239.78509666549076
IDN,19,490.7022350462758
IDN,20,739.7261950056898
IDN,21,313.7821473821006
IDN,22,885.2932514745686
IDN,23,4241.835471990215
IDN,24,919.6624899014676
IDN,25,124.70060800674179
IDN,26,10.753957132984919
IDN,27,37.65404082359777
IDN,28,87.29045270057023
IDN,29T30,5.647901602125157
IDN,31T33,776.0197397907192
IDN,35,4125.918790511272
IDN,36T39,43.68239252313368
IDN,41T43,93.31429636577758
IDN,45T47,93.46609736544531
IDN,49,581.6340694521293
IDN,50,2426.232036354239
IDN,51,532.3990101268753
IDN,52,36.065291360134125
IDN,53,118.8459843252941
IDN,55T56,8.547808842387123
IDN,58T60,29.055211197717853
IDN,61,17.762302296386768
IDN,62T63,23.892920185737122
IDN,64T66,4.372356007210881
IDN,68,10.144615146347157
IDN,69T75,8.698138699123982
IDN,77T82,24.469820440797363
IDN,84,44.3769411816858
IDN,85,13.390728993394001
IDN,86T88,25.971068178766803
IDN,90T93,12.517076210077914
IDN,94T98,18.42393399721916
IND,01T02,1526.6800309357086
IND,03,4.078706472696678
IND,05T06,827.0060247571191
IND,07T08,313.97525987686345
IND,10T12,12.142886597381075
IND,13T15,37.85225325671028
IND,16,8.555261058048263
IND,17T18,104.3250047168823
IND,19,598.9039819523873
IND,20,406.8752710532084
IND,21,125.62097128657713
IND,22,1153.1031144819115
IND,23,2616.188995975973
IND,24,2897.920956996223
IND,25,13.948973683394872
IND,26,14.114995050252173
IND,27,13.952288178088294
IND,28,66.75684953692738
IND,29T30,6.320150472034382
IND,31T33,1122.0099444219231
IND,35,7264.013736774411
IND,36T39,110.16027377210986
IND,41T43,26.387774103543812
IND,45T47,64.56680956847921
IND,49,378.242137407204
IND,50,1586.906902906405
IND,51,1210.1979900604201
IND,52,148.48949106947538
IND,53,217.81574781514956
IND,55T56,22.193704440835223
IND,58T60,32.51819130658732
IND,61,153.53557986373625
IND,62T63,23.52012813341675
IND,64T66,27.43295153848151
IND,68,48.698837881085794
IND,69T75,127.57923068286436
IND,77T82,178.12437101178574
IND,84,16.061971992144564
IND,85,23.193930254065148
IND,86T88,17.499138942538856
IND,90T93,31.660538545745815
IND,94T98,73.35673507104902
IRL,01T02,2413.021718637049
IRL,03,184.2744651534022
IRL,05T06,8467.655455417504
IRL,07T08,76.8945076263539
IRL,10T12,28.641694531957164
IRL,13T15,128.05629117965384
IRL,16,21.75391508740726
IRL,17T18,9.289967576111748
IRL,19,41.945707579092584
IRL,20,1.569257390282639
IRL,21,7.719663424997367
IRL,22,8.15041864204562
IRL,23,1016.1753125470264
IRL,24,708.0784182552317
IRL,25,28.37889599113381
IRL,26,92.9901177038747
IRL,27,23.275708342090443
IRL,28,65.40708102622669
IRL,29T30,2.992012738066589
IRL,31T33,8.343293886090235
IRL,35,1034.0400835304517
IRL,36T39,10.517095600962175
IRL,41T43,13.20786526033572
IRL,45T47,10.97732758357785
IRL,49,95.55369683604913
IRL,50,747.2572445782446
IRL,51,3609.5059513513847
IRL,52,13.994897685671479
IRL,53,21.42731941228161
IRL,55T56,5.3214473254202455
IRL,58T60,4.911486175650291
IRL,61,6.042590508384418
IRL,62T63,6.424071646181091
IRL,64T66,5.4324158970371705
IRL,68,4.295388404481751
IRL,69T75,5.6782307646602055
IRL,77T82,7.7655275587059
IRL,84,10.422681227906205
IRL,85,7.012099271948251
IRL,86T88,17.16183722093288
IRL,90T93,9.615877821233436
IRL,94T98,6.497306889225556
ISL,01T02,1336.7213650861863
ISL,03,461.48494150147786
ISL,05T06,0.0
ISL,07T08,50.873692166589876
ISL,10T12,3.431277656116186
ISL,13T15,0.0
ISL,16,0.0
ISL,17T18,0.0
ISL,19,173.0812320566779
ISL,20,146.2948785040569
ISL,21,0.0
ISL,22,12.937889226446542
ISL,23,10.479217347414165
ISL,24,756.4839510511894
ISL,25,5.635773044045899
ISL,26,0.0
ISL,27,0.0
ISL,28,4.768546183251654
ISL,29T30,0.0
ISL,31T33,10.871992315957817
ISL,35,4.3129263506505335
ISL,36T39,44.67630380565805
ISL,41T43,22.071926788660008
ISL,45T47,7.975295955105785
ISL,49,142.86610730128413
ISL,50,898.6182858637776
ISL,51,899.330643826986
ISL,52,31.612497232590094
ISL,53,32.157545796339996
ISL,55T56,2.0795079183258944
ISL,58T60,6.040720530117771
ISL,61,13.827025623459692
ISL,62T63,0.8485250332326445
ISL,64T66,0.9072904428367741
ISL,68,0.5248193807722032
ISL,69T75,1.7447689002762943
ISL,77T82,15.562497056498096
ISL,84,4.038478719039774
ISL,85,0.4382082847282885
ISL,86T88,1.476676848486191
ISL,90T93,0.0
ISL,94T98,3.073283023451385
ISR,01T02,198.11579781967376
ISR,03,55.07444758095344
ISR,05T06,7037.365784326696
ISR,07T08,27.969411964722344
ISR,10T12,5.646803851197662
ISR,13T15,57.84278374718286
ISR,16,11.6809747376285
ISR,17T18,11.173266759706095
ISR,19,176.5879662191464
ISR,20,54.9642541106945
ISR,21,5.852565263571353
ISR,22,398.3477758582891
ISR,23,853.0213670021911
ISR,24,59.267514720052624
ISR,25,10.301808332659467
ISR,26,7.7939149379732635
ISR,27,22.615266191470347
ISR,28,6.023744978644173
ISR,29T30,1.183245665171174
ISR,31T33,301.40519010051725
ISR,35,2560.0722819775337
ISR,36T39,27.457467633650822
ISR,41T43,7.546690363457949
ISR,45T47,5.88125825310905
ISR,49,174.9583138366541
ISR,50,871.4472627327987
ISR,51,401.68836746788156
ISR,52,7.5324928108597815
ISR,53,18.145422400970666
ISR,55T56,2.673954128054071
ISR,58T60,6.126214003726719
ISR,61,3.399034024443025
ISR,62T63,4.153860686927274
ISR,64T66,2.2644269245984843
ISR,68,1.2460676791144114
ISR,69T75,5.20218509246614
ISR,77T82,6.152883419754248
ISR,84,15.931910992111765
ISR,85,2.6880747311318243
ISR,86T88,1.737939303841058
ISR,90T93,2.5615070313778547
ISR,94T98,6.191086724037226
ITA,01T02,609.9247451923192
ITA,03,304.94186903575445
ITA,05T06,890.4251869027046
ITA,07T08,122.65072944327488
ITA,10T12,21.214789021698067
ITA,13T15,17.139127353088274
ITA,16,14.935914610768789
ITA,17T18,42.37383294430849
ITA,19,200.81458604923355
ITA,20,138.42094121187975
ITA,21,44.081290904116734
ITA,22,2.9877827926123444
ITA,23,621.5293163418173
ITA,24,185.8165914261231
ITA,25,16.440954521593408
ITA,26,13.464465382204486
ITA,27,12.764590750291058
ITA,28,18.166761229292565
ITA,29T30,1.2599070693337133
ITA,31T33,8.794782248904177
ITA,35,864.330289200657
ITA,36T39,20.374305268938592
ITA,41T43,16.96828491864584
ITA,45T47,20.060374223714195
ITA,49,126.50506358965931
ITA,50,1711.7720267684972
ITA,51,744.0082815979605
ITA,52,14.87978719502622
ITA,53,12.163840576329209
ITA,55T56,9.6043369944566
ITA,58T60,8.987327215609461
ITA,61,8.507276330307972
ITA,62T63,9.475031531088943
ITA,64T66,9.746243850018368
ITA,68,8.89997375910073
ITA,69T75,10.116590341784924
ITA,77T82,13.001360900181849
ITA,84,10.44211371013245
ITA,85,11.688735989229487
ITA,86T88,9.338300460879795
ITA,90T93,11.347861049569225
ITA,94T98,7.263630544927895
JPN,01T02,380.28659543643664
JPN,03,314.5437308376221
JPN,05T06,1904.6436687714574
JPN,07T08,227.30114207555926
JPN,10T12,31.91526920607157
JPN,13T15,41.989240901294636
JPN,16,32.49591078687616
JPN,17T18,120.28941389843813
JPN,19,335.0307835383724
JPN,20,260.12184201796026
JPN,21,189.41218939524026
JPN,22,10.771125773042346
JPN,23,1200.2555604575198
JPN,24,437.4017722779001
JPN,25,10.23238017389593
JPN,26,8.443384293390576
JPN,27,8.483269971836297
JPN,28,8.321485334596652
JPN,29T30,5.94620019262834
JPN,31T33,32.4996155177001
JPN,35,2057.6971743343147
JPN,36T39,18.423691028441024
JPN,41T43,20.21536420313022
JPN,45T47,25.604125330566543
JPN,49,63.74820521558377
JPN,50,1399.5297542104968
JPN,51,975.5289804019276
JPN,52,16.86524301014965
JPN,53,39.79832683015823
JPN,55T56,15.57302561109543
JPN,58T60,16.040325170545938
JPN,61,15.219979862551941
JPN,62T63,16.160891599669732
JPN,64T66,15.506979099088246
JPN,68,13.29552429695631
JPN,69T75,17.76485442637129
JPN,77T82,24.12473620437526
JPN,84,25.116555436777688
JPN,85,15.579725165507563
JPN,86T88,15.00713605366371
JPN,90T93,29.419276700757056
JPN,94T98,17.64181457344439
KAZ,01T02,2237.498180541789
KAZ,03,131.59790937693256
KAZ,05T06,1625.3995569055708
KAZ,07T08,1437.1892558889526
KAZ,10T12,100.75378117148608
KAZ,13T15,85.23358659684526
KAZ,16,987.4823933691308
KAZ,17T18,138.85528184999035
KAZ,19,1115.0609919491417
KAZ,20,1655.2385225138964
KAZ,21,1095.6541298983918
KAZ,22,742.8082914946307
KAZ,23,6320.782195646676
KAZ,24,1727.5666802448077
KAZ,25,81.16394641484834
KAZ,26,79.00233600732604
KAZ,27,80.76805888162984
KAZ,28,80.58192986301395
KAZ,29T30,95.79661422350254
KAZ,31T33,194.04552294863808
KAZ,35,19239.94211169271
KAZ,36T39,64.96845434937784
KAZ,41T43,98.0415591029486
KAZ,45T47,71.63281460674796
KAZ,49,476.1920367346071
KAZ,50,176.47110035409463
KAZ,51,1170.8122043042936
KAZ,52,76.46069995818617
KAZ,53,61.19465833063777
KAZ,55T56,50.673649753398124
KAZ,58T60,62.530274990921065
KAZ,61,51.706084581092654
KAZ,62T63,63.622768764648974
KAZ,64T66,59.108480357917166
KAZ,68,89.0174934534732
KAZ,69T75,58.04196191223422
KAZ,77T82,57.2989169862607
KAZ,84,201.56460101645993
KAZ,85,73.83064717346738
KAZ,86T88,75.5378765596751
KAZ,90T93,81.52050595674245
KAZ,94T98,69.77678036657495
KHM,01T02,10352.142752231894
KHM,03,1.5786939627584327
KHM,05T06,151.47114746442898
KHM,07T08,989.4902464801927
KHM,10T12,56.236345832868764
KHM,13T15,4.739902788461096
KHM,16,178.676768026484
KHM,17T18,0.0
KHM,19,9716.600398938454
KHM,20,0.0
KHM,21,0.0
KHM,22,951.8671274376394
KHM,23,11509.933216549492
KHM,24,3.2397900860879707
KHM,25,32.50520090054149
KHM,26,22.01625890426486
KHM,27,35.754143396983444
KHM,28,0.0
KHM,29T30,38.66284712306578
KHM,31T33,806.7997950737412
KHM,35,8039.95407886748
KHM,36T39,145.26138104026523
KHM,41T43,4.210258950340752
KHM,45T47,103.74454419554674
KHM,49,835.8830280534299
KHM,50,1002.9675809880314
KHM,51,2408.9814859027547
KHM,52,83.75471733406472
KHM,53,44.20503893257726
KHM,55T56,44.901806514458855
KHM,58T60,61.871851597360795
KHM,61,41.81024708187785
KHM,62T63,55.31916035388873
KHM,64T66,45.368710414439285
KHM,68,45.22685839117328
KHM,69T75,52.68853426948316
KHM,77T82,91.40401154902149
KHM,84,112.53570119360205
KHM,85,42.96415271235708
KHM,86T88,41.90043029817245
KHM,90T93,53.6300073784673
KHM,94T98,48.220721289080736
KOR,01T02,384.0594143367847
KOR,03,419.52427006290344
KOR,05T06,6157.972075730668
KOR,07T08,150.6489144812949
KOR,10T12,25.424472003673092
KOR,13T15,28.023885795940775
KOR,16,34.71840404705386
KOR,17T18,100.79739403978836
KOR,19,333.9988344109489
KOR,20,190.29862262595458
KOR,21,52.6651226262906
KOR,22,100.82602089201319
KOR,23,1167.9699587325106
KOR,24,635.2866464770345
KOR,25,16.25766119510357
KOR,26,8.631979621279509
KOR,27,8.737524470931142
KOR,28,10.163548055999248
KOR,29T30,12.385953577572838
KOR,31T33,74.4242983227508
KOR,35,3311.895536481114
KOR,36T39,33.26492689169235
KOR,41T43,24.296485970004884
KOR,45T47,46.08888195481979
KOR,49,360.8645264813151
KOR,50,1035.404330595618
KOR,51,1513.485506030836
KOR,52,30.347948789427647
KOR,53,202.86305944846217
KOR,55T56,20.6260743560618
KOR,58T60,16.124566920598664
KOR,61,18.129008709919695
KOR,62T63,14.853166121136933
KOR,64T66,13.365049209238627
KOR,68,17.888880753065667
KOR,69T75,31.940023929928138
KOR,77T82,20.95334325158682
KOR,84,27.54150773384331
KOR,85,30.042066556168304
KOR,86T88,28.46613615642767
KOR,90T93,30.518777351062102
KOR,94T98,24.58014409246462
LAO,01T02,4928.144256578398
LAO,03,16.686234571548674
LAO,05T06,220.16291254930002
LAO,07T08,433.6979149589211
LAO,10T12,8.761575436428547
LAO,13T15,23.874060431171685
LAO,16,167.65542404430423
LAO,17T18,0.0
LAO,19,509.2507286656837
LAO,20,11.657428413375268
LAO,21,80.16205718161939
LAO,22,2411.054397014802
LAO,23,2098.731716591565
LAO,24,46.516484092378704
LAO,25,132.25569190130136
LAO,26,47.65060154149196
LAO,27,0.0
LAO,28,0.0
LAO,29T30,93.72767010320065
LAO,31T33,1727.5390645436923
LAO,35,7418.293064221347
LAO,36T39,67.60656922118554
LAO,41T43,100.9327477492965
LAO,45T47,85.36779302636523
LAO,49,227.93673417105717
LAO,50,4276.469406375514
LAO,51,1451.1834997699214
LAO,52,807.6057344923156
LAO,53,43.999330247756035
LAO,55T56,19.970577016718927
LAO,58T60,97.94414393912467
LAO,61,18.65425854079799
LAO,62T63,39.24415118750277
LAO,64T66,21.022511488944733
LAO,68,9.839868565110278
LAO,69T75,52.08456493866208
LAO,77T82,173.89358259085466
LAO,84,61.622603165651306
LAO,85,32.34616574023654
LAO,86T88,214.129362126689
LAO,90T93,82.18417831659444
LAO,94T98,33.69525495367285
LTU,01T02,2669.5208720939395
LTU,03,165.47013912679438
LTU,05T06,3147.9839941280534
LTU,07T08,105.68005357723155
LTU,10T12,53.38300818104879
LTU,13T15,37.960267208300664
LTU,16,23.447543011270824
LTU,17T18,47.799220040566865
LTU,19,269.41297893671845
LTU,20,1725.6320722393077
LTU,21,104.35544718319532
LTU,22,8.816286494486347
LTU,23,1328.967924272069
LTU,24,33.435289291791534
LTU,25,13.674234368758047
LTU,26,10.092226487686167
LTU,27,10.568183937741038
LTU,28,17.378959942823368
LTU,29T30,7.2307555890444455
LTU,31T33,12.008335651187629
LTU,35,418.87573767379354
LTU,36T39,35.14148985707395
LTU,41T43,18.404692506267907
LTU,45T47,14.861463891070624
LTU,49,194.21193313540675
LTU,50,1288.3154154698393
LTU,51,132.59517216386504
LTU,52,30.300703593631177
LTU,53,28.808829673386125
LTU,55T56,9.855778013038853
LTU,58T60,39.24022799166665
LTU,61,12.878593589869912
LTU,62T63,11.45670023732319
LTU,64T66,13.284346868816067
LTU,68,13.607426442892137
LTU,69T75,15.13972492790929
LTU,77T82,38.93341000312681
LTU,84,21.473279948828317
LTU,85,9.358777549978216
LTU,86T88,12.491503992095385
LTU,90T93,19.483201169080363
LTU,94T98,11.987698977535548
LVA,01T02,1844.510164821388
LVA,03,372.042170507766
LVA,05T06,66731.63696074627
LVA,07T08,104.27584151020028
LVA,10T12,52.2966254840971
LVA,13T15,28.872252183994416
LVA,16,39.35809923465521
LVA,17T18,16.807792499403863
LVA,19,8602.097472345084
LVA,20,69.89394104082275
LVA,21,73.30049275949135
LVA,22,10.154362419737264
LVA,23,1457.6958559685463
LVA,24,72.35195185006302
LVA,25,14.099221879715872
LVA,26,9.86613880835794
LVA,27,11.697269108102098
LVA,28,14.252974054192128
LVA,29T30,16.71954875147157
LVA,31T33,24.752991170810684
LVA,35,838.2960574441195
LVA,36T39,37.68740788292281
LVA,41T43,24.456111558452626
LVA,45T47,33.33249450589249
LVA,49,361.82568876389377
LVA,50,465.44729715138755
LVA,51,597.661245801673
LVA,52,39.564456526590426
LVA,53,40.49366328788427
LVA,55T56,13.63193400357543
LVA,58T60,26.36168600030363
LVA,61,12.794867369663042
LVA,62T63,17.075148621042953
LVA,64T66,11.691878966606305
LVA,68,13.27012847583759
LVA,69T75,19.84996543205223
LVA,77T82,35.8637176380913
LVA,84,19.60086890007051
LVA,85,15.453503634460441
LVA,86T88,19.312613929888563
LVA,90T93,16.84981015622151
LVA,94T98,12.841911363617687
MAR,01T02,911.5975759752102
MAR,03,226.45966911079853
MAR,05T06,535.0229079347728
MAR,07T08,447.40701551011705
MAR,10T12,58.04108952829035
MAR,13T15,35.672766734438156
MAR,16,8.255158408826034
MAR,17T18,129.7075752196928
MAR,19,60.4083701281603
MAR,20,29.728435397791305
MAR,21,38.09224240782815
MAR,22,42.375066756301706
MAR,23,3514.4344862878183
MAR,24,135.39731153969257
MAR,25,32.562639496440475
MAR,26,9.928383726051072
MAR,27,3.9750627503650193
MAR,28,23.828037166730358
MAR,29T30,23.851895594338604
MAR,31T33,58.289901645587726
MAR,35,5111.987755128118
MAR,36T39,50.404191056044766
MAR,41T43,83.00464339513545
MAR,45T47,79.73762355783253
MAR,49,539.6083717623228
MAR,50,944.8961983960971
MAR,51,1904.3257132254469
MAR,52,137.5658436868186
MAR,53,181.19704621305456
MAR,55T56,19.420520332212888
MAR,58T60,79.13599341819311
MAR,61,61.30623001638097
MAR,62T63,12.436553146677706
MAR,64T66,5.569723016768921
MAR,68,10.522975230247154
MAR,69T75,13.429786703661469
MAR,77T82,29.16514721795252
MAR,84,76.47857180863436
MAR,85,28.437798125000825
MAR,86T88,35.006086757220615
MAR,90T93,46.44737017513719
MAR,94T98,17.479509308373053
MEX,01T02,2050.0683038491848
MEX,03,301.1366488369474
MEX,05T06,1192.597628553086
MEX,07T08,162.13952537156464
MEX,10T12,23.616787008780776
MEX,13T15,9.300572379707424
MEX,16,53.06370625470147
MEX,17T18,119.93035196612935
MEX,19,425.8895996908596
MEX,20,1843.0364582119441
MEX,21,154.86097938146858
MEX,22,399.4999550657001
MEX,23,2628.2221614075015
MEX,24,405.620441423031
MEX,25,23.12942312687728
MEX,26,3.3826445989166043
MEX,27,9.192474642834439
MEX,28,7.749101006577223
MEX,29T30,4.861370050157093
MEX,31T33,365.87890508759403
MEX,35,4131.1233554059745
MEX,36T39,27.105349350814542
MEX,41T43,30.972701940239638
MEX,45T47,24.684302652205318
MEX,49,426.10641236889944
MEX,50,1697.9047796370207
MEX,51,546.7124186714431
MEX,52,37.23369508988182
MEX,53,299.0812231422926
MEX,55T56,10.873152809924495
MEX,58T60,15.326245840785731
MEX,61,7.617059209344827
MEX,62T63,12.823906548630031
MEX,64T66,9.472181972235795
MEX,68,8.654930117070167
MEX,69T75,26.279621166484652
MEX,77T82,27.092687472509862
MEX,84,39.517942280495745
MEX,85,8.45913778720321
MEX,86T88,19.659606767319403
MEX,90T93,12.327184080567385
MEX,94T98,27.46229764008363
MLT,01T02,545.864026717046
MLT,03,40.46557514443222
MLT,05T06,26.140659419003658
MLT,07T08,153.66669088191054
MLT,10T12,3.5730365690729053
MLT,13T15,0.0
MLT,16,0.0
MLT,17T18,0.0
MLT,19,0.0
MLT,20,0.5880244795635285
MLT,21,0.0
MLT,22,72.09585064882988
MLT,23,11.060798460212915
MLT,24,0.0
MLT,25,5.604671455382866
MLT,26,5.957252927415968
MLT,27,0.0
MLT,28,0.0
MLT,29T30,0.0
MLT,31T33,44.16683336216282
MLT,35,935.9188461731
MLT,36T39,12.687925868635267
MLT,41T43,15.356603338185021
MLT,45T47,13.103922978292845
MLT,49,181.0935369692099
MLT,50,5095.956717380537
MLT,51,652.9657614961814
MLT,52,91.85317854004798
MLT,53,45.28454380183213
MLT,55T56,4.37425635442278
MLT,58T60,3.418485935470503
MLT,61,2.9195542383064406
MLT,62T63,2.8328739611832474
MLT,64T66,3.873409913639251
MLT,68,2.7815704152322573
MLT,69T75,5.61042738285602
MLT,77T82,11.40253715197752
MLT,84,5.214091695655494
MLT,85,2.4524066208938957
MLT,86T88,7.6451973257232195
MLT,90T93,2.3497912138491315
MLT,94T98,4.195542219626428
MMR,01T02,3979.122900267878
MMR,03,5.471947591515896
MMR,05T06,1682.0973620528562
MMR,07T08,820.2459315147212
MMR,10T12,27.958601926582308
MMR,13T15,3.9625365808691946
MMR,16,465.3755833172105
MMR,17T18,5.974913938343228
MMR,19,591.2635336826477
MMR,20,198.65997455889269
MMR,21,139.05214954860946
MMR,22,96.49567925236535
MMR,23,1365.3195472985763
MMR,24,140.87479051707308
MMR,25,20.123679795911485
MMR,26,13.315605748962584
MMR,27,10.657467679045627
MMR,28,14.608856839653733
MMR,29T30,11.370691087734647
MMR,31T33,100.1208050693333
MMR,35,9750.034604607552
MMR,36T39,87.95931664396035
MMR,41T43,640.4839603681128
MMR,45T47,58.52878395990541
MMR,49,585.5630119855008
MMR,50,1110.5843670828701
MMR,51,465.81330847892116
MMR,52,101.87525359488642
MMR,53,136.6958990469981
MMR,55T56,32.97742978300121
MMR,58T60,45.982138306784464
MMR,61,45.65629250791842
MMR,62T63,49.490139908994415
MMR,64T66,44.81825903575716
MMR,68,47.48679678306552
MMR,69T75,55.981450182445556
MMR,77T82,66.12917199108746
MMR,84,60.7989192586157
MMR,85,42.926071996349926
MMR,86T88,41.688661316759095
MMR,90T93,44.772597466898794
MMR,94T98,46.08675954970789
NLD,01T02,748.9631329010128
NLD,03,724.1888216256513
NLD,05T06,630.2416347083273
NLD,07T08,56.709382985030395
NLD,10T12,37.97696084581601
NLD,13T15,26.383549247081017
NLD,16,11.095374857830913
NLD,17T18,58.496739406247634
NLD,19,267.00416943025226
NLD,20,427.0374408607406
NLD,21,178.06529046848937
NLD,22,17.685697514028895
NLD,23,305.0847989167988
NLD,24,614.0029452558736
NLD,25,9.062266059163917
NLD,26,5.527184169747426
NLD,27,17.277793646412324
NLD,28,6.539800486810903
NLD,29T30,5.6442397012022125
NLD,31T33,17.37296084477523
NLD,35,2369.9598827344253
NLD,36T39,12.400148342202955
NLD,41T43,18.612618764372165
NLD,45T47,9.634166712879324
NLD,49,127.08151518676605
NLD,50,1197.035986311076
NLD,51,902.5181111827801
NLD,52,15.403762456722934
NLD,53,11.872150551716562
NLD,55T56,7.921429036447267
NLD,58T60,7.448457640140222
NLD,61,7.128627584318101
NLD,62T63,8.602542446013649
NLD,64T66,9.004845695656398
NLD,68,8.243146799848729
NLD,69T75,9.112884819308677
NLD,77T82,13.439468179983633
NLD,84,8.683441772709141
NLD,85,9.26401406372709
NLD,86T88,7.63801674406782
NLD,90T93,14.561594556038866
NLD,94T98,10.235498333813737
NOR,01T02,1193.0674488671418
NOR,03,39.878346542941976
NOR,05T06,302.9232908418257
NOR,07T08,68.1302480204323
NOR,10T12,13.328347433888542
NOR,13T15,2.507400180386868
NOR,16,13.03127382229517
NOR,17T18,35.303352371246014
NOR,19,376.61008024549153
NOR,20,726.6525111369982
NOR,21,300.91512409793825
NOR,22,13.810022369196703
NOR,23,444.1491696165758
NOR,24,530.9768645846343
NOR,25,5.322345014110134
NOR,26,2.2246483362391993
NOR,27,2.8823846872748384
NOR,28,2.8674461323837668
NOR,29T30,2.1146713354491813
NOR,31T33,9.208471004598637
NOR,35,127.93886222848512
NOR,36T39,15.331121776082188
NOR,41T43,15.655056006698697
NOR,45T47,11.812153531831846
NOR,49,67.54870107042184
NOR,50,1099.2865233169193
NOR,51,1072.2662251264956
NOR,52,20.879392023448837
NOR,53,13.872957201200318
NOR,55T56,6.392796968320471
NOR,58T60,7.005845919647091
NOR,61,5.572878850569109
NOR,62T63,4.956331736564611
NOR,64T66,3.7149858182800277
NOR,68,5.786734128371437
NOR,69T75,4.754172530877897
NOR,77T82,7.2644594470939055
NOR,84,6.220623987387621
NOR,85,5.365563509296877
NOR,86T88,6.218114517883123
NOR,90T93,12.168198008528357
NOR,94T98,5.492573198981936
NZL,01T02,2096.408586623373
NZL,03,139.97125514860232
NZL,05T06,580.9491326897227
NZL,07T08,174.8165974990746
NZL,10T12,78.28927358279864
NZL,13T15,29.882398148530843
NZL,16,41.0692993208337
NZL,17T18,59.00885163075962
NZL,19,186.42483870984745
NZL,20,979.7674946253118
NZL,21,427.7234118198607
NZL,22,246.87334536608358
NZL,23,302.28837712350145
NZL,24,963.6610836120275
NZL,25,5.349439683209869
NZL,26,3.053464005372502
NZL,27,2.4154327444633865
NZL,28,3.5066352384678012
NZL,29T30,0.35896536986880717
NZL,31T33,178.46859071209857
NZL,35,273.1970677076801
NZL,36T39,17.913340888136517
NZL,41T43,55.95284548354628
NZL,45T47,13.989479510233366
NZL,49,292.8275393334671
NZL,50,1224.6131735679246
NZL,51,1110.7895964398954
NZL,52,30.266598023195325
NZL,53,33.09066215132393
NZL,55T56,5.704285023076573
NZL,58T60,7.755186462669249
NZL,61,5.07201633987279
NZL,62T63,5.558515378988438
NZL,64T66,4.311353963102859
NZL,68,7.359036031541107
NZL,69T75,5.072423593417992
NZL,77T82,15.606672766502184
NZL,84,11.432201033362782
NZL,85,6.936500567910555
NZL,86T88,7.395143498004256
NZL,90T93,12.107040707627421
NZL,94T98,8.924803215109325
PER,01T02,6939.819870512574
PER,03,170.46954504160132
PER,05T06,818.392427184346
PER,07T08,128.58278840159454
PER,10T12,37.31674257008802
PER,13T15,14.58520032344946
PER,16,8.993136693107722
PER,17T18,7.011493381820163
PER,19,59.60462897897949
PER,20,10.226324387515529
PER,21,2.120611861890527
PER,22,834.2717507179949
PER,23,805.96540820361
PER,24,109.97507985258085
PER,25,26.65698504158941
PER,26,0.0
PER,27,1.8484439912016941
PER,28,8.266497045160916
PER,29T30,3.1640396894437695
PER,31T33,709.28322392182
PER,35,1937.7512015787302
PER,36T39,28.206611087602557
PER,41T43,48.783087963968846
PER,45T47,29.66959323861311
PER,49,262.52845967856575
PER,50,1539.0909957766573
PER,51,550.642875015104
PER,52,81.14791916356072
PER,53,98.6820419579713
PER,55T56,20.929758844698135
PER,58T60,15.600061350768787
PER,61,18.76489226377623
PER,62T63,15.654250053079895
PER,64T66,13.630288707184237
PER,68,8.472729433954921
PER,69T75,25.30768200797382
PER,77T82,22.90464982594752
PER,84,49.72439660296606
PER,85,14.470137085193134
PER,86T88,27.201472510135027
PER,90T93,28.114859165559768
PER,94T98,15.891984770159226
PHL,01T02,1272.4583284638886
PHL,03,67.04282565403044
PHL,05T06,2383.229507011306
PHL,07T08,1098.0169177482476
PHL,10T12,26.291429826663098
PHL,13T15,9.816800616167171
PHL,16,117.44775286990546
PHL,17T18,583.3824411150549
PHL,19,258.00671291895577
PHL,20,63.54137365177825
PHL,21,66.61996017925436
PHL,22,86.01243846504768
PHL,23,3372.2499463269555
PHL,24,313.7281383983458
PHL,25,22.398809537199174
PHL,26,17.055196162313965
PHL,27,9.859152577096012
PHL,28,13.190983365997239
PHL,29T30,2.7029975271999995
PHL,31T33,88.84191826277916
PHL,35,3197.186535582218
PHL,36T39,43.36781798614978
PHL,41T43,64.50760844507528
PHL,45T47,49.65097163747231
PHL,49,354.30421404491955
PHL,50,2611.5949384483115
PHL,51,1442.7276693138442
PHL,52,111.61126635961102
PHL,53,90.37608518441924
PHL,55T56,32.639646279672725
PHL,58T60,38.96983658036955
PHL,61,35.8551242454838
PHL,62T63,43.45255993059745
PHL,64T66,48.94370861914411
PHL,68,32.68891930418781
PHL,69T75,48.02091145366355
PHL,77T82,32.18661504602351
PHL,84,34.32750336538106
PHL,85,40.680788556788926
PHL,86T88,52.510814154152314
PHL,90T93,30.932775874619523
PHL,94T98,35.841948633647206
POL,01T02,1557.5625749990047
POL,03,126.7269300769876
POL,05T06,3521.0080995590283
POL,07T08,201.75209911690973
POL,10T12,68.81793875500941
POL,13T15,24.434402042683953
POL,16,102.2311828396143
POL,17T18,76.42072078642195
POL,19,498.8418806327866
POL,20,821.5002822585325
POL,21,297.56603697201007
POL,22,15.42837201624152
POL,23,1210.041737347908
POL,24,575.1276350624152
POL,25,15.08818871248948
POL,26,12.430181295616096
POL,27,13.696226444212138
POL,28,16.240903161188875
POL,29T30,9.461416878647444
POL,31T33,23.41898671825195
POL,35,4698.127904447431
POL,36T39,51.66713921229908
POL,41T43,28.083667770924627
POL,45T47,39.984543762330475
POL,49,381.2197529247734
POL,50,586.5803238574142
POL,51,570.4077911694269
POL,52,48.651169196830885
POL,53,60.32624861059961
POL,55T56,21.906175512711417
POL,58T60,16.38541916537109
POL,61,17.36933811944173
POL,62T63,15.527627749882308
POL,64T66,47.398616577682866
POL,68,20.579403653313257
POL,69T75,17.927096048371777
POL,77T82,40.09454934452351
POL,84,26.90965885571832
POL,85,17.68664989792945
POL,86T88,19.47243206481882
POL,90T93,22.938406380167557
POL,94T98,19.35641689194221
PRT,01T02,864.2531340631947
PRT,03,425.769632973035
PRT,05T06,9699.454338632742
PRT,07T08,128.6427474680879
PRT,10T12,38.75915703587736
PRT,13T15,32.994199821019144
PRT,16,25.828395802826304
PRT,17T18,86.07288928559582
PRT,19,283.79575067551923
PRT,20,306.8530470623605
PRT,21,73.73178157717645
PRT,22,8.963718366270607
PRT,23,1229.7819132646237
PRT,24,83.08997949565922
PRT,25,21.678986855879682
PRT,26,11.127695924593775
PRT,27,12.252984320290246
PRT,28,15.231943779391296
PRT,29T30,6.429623869191749
PRT,31T33,16.99326022296687
PRT,35,897.6340225675701
PRT,36T39,20.278119854531884
PRT,41T43,33.19559992666407
PRT,45T47,26.238463094772694
PRT,49,385.98746824126823
PRT,50,1641.2611139065757
PRT,51,904.073348239756
PRT,52,11.843892279253048
PRT,53,17.7304313123678
PRT,55T56,6.080005582766708
PRT,58T60,8.872170030205828
PRT,61,6.391892885116318
PRT,62T63,7.6859610149650885
PRT,64T66,6.729303879248117
PRT,68,5.470198384864334
PRT,69T75,12.360176084659427
PRT,77T82,18.995930156808026
PRT,84,16.943449228830946
PRT,85,7.73568796675934
PRT,86T88,15.627457292125133
PRT,90T93,15.774111203602239
PRT,94T98,7.5362533274350305
ROU,01T02,1098.376900685556
ROU,03,1.5692651345949633
ROU,05T06,1678.1544109110753
ROU,07T08,121.16525435401917
ROU,10T12,36.49760820627664
ROU,13T15,33.27580359493671
ROU,16,54.242716982491096
ROU,17T18,70.65216371200749
ROU,19,317.1429619526021
ROU,20,2022.9084073942006
ROU,21,516.5551930244229
ROU,22,12.620361666126099
ROU,23,2276.574842132205
ROU,24,759.6990941788288
ROU,25,29.03056997791527
ROU,26,20.432362521562155
ROU,27,21.923706051572598
ROU,28,27.929771217074574
ROU,29T30,16.632981013888987
ROU,31T33,10.445821004869536
ROU,35,1479.5970864391013
ROU,36T39,15.25306875419392
ROU,41T43,39.29005957211686
ROU,45T47,41.09630783673614
ROU,49,111.84150796410754
ROU,50,357.84921258715656
ROU,51,735.1583215770511
ROU,52,15.69475465133431
ROU,53,18.1504101304323
ROU,55T56,10.702065815465534
ROU,58T60,13.501835386567903
ROU,61,13.61968556718159
ROU,62T63,13.928614580870727
ROU,64T66,12.143318085797947
ROU,68,11.506112414128719
ROU,69T75,17.09673158969446
ROU,77T82,15.398854752776382
ROU,84,12.830793861280505
ROU,85,10.355343379000221
ROU,86T88,11.074995329612147
ROU,90T93,14.828034738186123
ROU,94T98,13.737214259735206
ROW,01T02,3390.05728469496
ROW,03,142.21859540181964
ROW,05T06,1253.008726106713
ROW,07T08,133.87153351879496
ROW,10T12,28.3135677706732
ROW,13T15,24.052402581534352
ROW,16,45.03762417886068
ROW,17T18,27.28266104740115
ROW,19,453.05817160827456
ROW,20,1122.9347939574657
ROW,21,216.73014246306306
ROW,22,2254.850363616526
ROW,23,2564.9498777898325
ROW,24,524.6630049061055
ROW,25,30.77700721911054
ROW,26,15.324229406953448
ROW,27,19.358754208935558
ROW,28,25.392081852504052
ROW,29T30,11.662094690403679
ROW,31T33,1743.062521008047
ROW,35,4444.088409921259
ROW,36T39,75.10465992196977
ROW,41T43,46.15249737078309
ROW,45T47,48.66688626117538
ROW,49,623.7332055137812
ROW,50,1071.8123329006967
ROW,51,1915.795202080646
ROW,52,85.77681577805194
ROW,53,119.75869674859457
ROW,55T56,28.64628042490755
ROW,58T60,29.684547978743833
ROW,61,36.78282637696834
ROW,62T63,39.9502032231776
ROW,64T66,27.05272209053686
ROW,68,29.570896555635215
ROW,69T75,33.77443979926752
ROW,77T82,55.02712071107508
ROW,84,60.54889159749048
ROW,85,40.60537119254428
ROW,86T88,40.941596999539776
ROW,90T93,41.499174961553415
ROW,94T98,28.424473451143786
RUS,01T02,1754.2948404878448
RUS,03,520.9210060134734
RUS,05T06,1198.349615003965
RUS,07T08,455.9446664176961
RUS,10T12,89.09200555813189
RUS,13T15,39.11241954804738
RUS,16,883.2463340790665
RUS,17T18,167.77266162063907
RUS,19,775.5536771239349
RUS,20,2082.8865848545247
RUS,21,379.62174243370043
RUS,22,398.23249803885176
RUS,23,2598.0011000979634
RUS,24,2061.2557500246444
RUS,25,145.4017130821656
RUS,26,48.59877005201506
RUS,27,55.940263751871754
RUS,28,53.72319420019982
RUS,29T30,35.19482610897033
RUS,31T33,191.0307840788859
RUS,35,4776.057366758216
RUS,36T39,55.62869910375597
RUS,41T43,152.22198267445737
RUS,45T47,39.43028188860419
RUS,49,1088.443388803746
RUS,50,2931.446512826045
RUS,51,1427.2278431373934
RUS,52,130.206892344382
RUS,53,75.48662993678984
RUS,55T56,15.555405163245204
RUS,58T60,20.389055871051568
RUS,61,23.670953423945512
RUS,62T63,13.28621602761502
RUS,64T66,17.588037659146423
RUS,68,16.547529220665908
RUS,69T75,27.36629723713361
RUS,77T82,43.186370728177856
RUS,84,36.677374684724576
RUS,85,22.8456483547084
RUS,86T88,26.20001307521151
RUS,90T93,26.38441057985898
RUS,94T98,13.00030146093307
SAU,01T02,352.47552053116004
SAU,03,116.37525920182904
SAU,05T06,385.4413715457576
SAU,07T08,18.948713522023066
SAU,10T12,63.48927047089261
SAU,13T15,104.70924234843861
SAU,16,654.1625544440446
SAU,17T18,133.0254853910022
SAU,19,468.71995687880815
SAU,20,1626.4438374649833
SAU,21,601.3876420688975
SAU,22,8294.257371858193
SAU,23,2456.0879588387725
SAU,24,270.55127659790213
SAU,25,144.32505649097948
SAU,26,119.8419244238348
SAU,27,127.57582875882741
SAU,28,299.7843180762753
SAU,29T30,55.15304232884268
SAU,31T33,5384.857821327682
SAU,35,8887.592510516994
SAU,36T39,211.79681954247306
SAU,41T43,240.03709718199252
SAU,45T47,60.68111072749554
SAU,49,1818.4706038030197
SAU,50,2234.327546739066
SAU,51,1100.7843235083933
SAU,52,161.64609573232158
SAU,53,546.2097144764972
SAU,55T56,58.566435090968206
SAU,58T60,11.86757889993129
SAU,61,140.5718495585598
SAU,62T63,17.49114380235801
SAU,64T66,24.71454857965372
SAU,68,15.365078748471898
SAU,69T75,143.2942068526873
SAU,77T82,263.08841519837057
SAU,84,62.528403918005225
SAU,85,32.14397068786642
SAU,86T88,58.43681040303397
SAU,90T93,26.36694180739476
SAU,94T98,25.853641424856598
SGP,01T02,2458.870449256264
SGP,03,576.2296863839663
SGP,05T06,1137.2580979617012
SGP,07T08,191.17931159494435
SGP,10T12,16.802423711192716
SGP,13T15,29.40885608708296
SGP,16,57.50994021534586
SGP,17T18,19.5637750655584
SGP,19,98.07967795320263
SGP,20,339.1903254747561
SGP,21,123.71450567667847
SGP,22,1324.5052912745675
SGP,23,888.0957637397946
SGP,24,44.08688351954759
SGP,25,62.5916753211296
SGP,26,7.487981398854694
SGP,27,10.543159556459441
SGP,28,6.333484807047017
SGP,29T30,4.2608551005266415
SGP,31T33,629.3851995619348
SGP,35,5374.681433416784
SGP,36T39,24.893766349780197
SGP,41T43,48.33321794333893
SGP,45T47,24.620306924077244
SGP,49,367.7075432924506
SGP,50,1606.3812727342636
SGP,51,1336.4184695903384
SGP,52,108.38648381943904
SGP,53,136.1139535258918
SGP,55T56,14.004059953276977
SGP,58T60,18.76377586878142
SGP,61,11.663227611914612
SGP,62T63,10.05667866873655
SGP,64T66,2.9966255056886792
SGP,68,44.436491622372465
SGP,69T75,10.06161204111906
SGP,77T82,13.721945595248087
SGP,84,10.499218319281741
SGP,85,5.790866772931822
SGP,86T88,6.808886897510935
SGP,90T93,37.77270177785015
SGP,94T98,0.9565407123004832
SVK,01T02,552.4605016943584
SVK,03,0.0
SVK,05T06,5096.063496254213
SVK,07T08,349.3063412108047
SVK,10T12,58.62830564122181
SVK,13T15,15.835365986726643
SVK,16,19.69087700463938
SVK,17T18,51.46737977633148
SVK,19,517.6713542335049
SVK,20,1744.8503410811468
SVK,21,551.9542390372078
SVK,22,17.25357049733999
SVK,23,1805.4130443107774
SVK,24,1597.5956017220462
SVK,25,13.553666178285011
SVK,26,12.029653270723234
SVK,27,12.22419978915952
SVK,28,13.757487339866122
SVK,29T30,7.061712065644105
SVK,31T33,16.87131345028847
SVK,35,425.61576623585233
SVK,36T39,41.53096095206052
SVK,41T43,8.833031961979735
SVK,45T47,25.157924312155554
SVK,49,275.42134701551754
SVK,50,398.30099045026157
SVK,51,165.74287241633814
SVK,52,53.48971080788171
SVK,53,23.98778570377156
SVK,55T56,16.799777132767346
SVK,58T60,19.42442169316407
SVK,61,16.096614132695546
SVK,62T63,17.261281655741985
SVK,64T66,14.751232625648209
SVK,68,14.844727907201014
SVK,69T75,17.446652416835246
SVK,77T82,23.26252254661704
SVK,84,22.791978766407215
SVK,85,16.926993779009237
SVK,86T88,17.065694992462763
SVK,90T93,17.93892000576259
SVK,94T98,19.224065552547035
SVN,01T02,1374.9548934848433
SVN,03,0.0
SVN,05T06,3772.8547988051173
SVN,07T08,558.7735330317815
SVN,10T12,48.09811254796249
SVN,13T15,22.79775856245448
SVN,16,223.5086263811737
SVN,17T18,188.81262199077997
SVN,19,91432.4603599208
SVN,20,81.17106082632989
SVN,21,30.148119973302556
SVN,22,16.594490349777857
SVN,23,1982.2738506474611
SVN,24,159.97616228115098
SVN,25,20.91043841296607
SVN,26,18.621239352993804
SVN,27,18.51131721326576
SVN,28,20.60634679842957
SVN,29T30,7.3182671679828015
SVN,31T33,20.37645737630778
SVN,35,2141.031943102357
SVN,36T39,37.594165843590616
SVN,41T43,22.505623942819092
SVN,45T47,18.77634120132986
SVN,49,301.9117498615328
SVN,50,2079.034917898187
SVN,51,444.7685704099608
SVN,52,16.891663755465938
SVN,53,32.514797571421845
SVN,55T56,12.539479418396187
SVN,58T60,6.467605590721283
SVN,61,7.2203959847701045
SVN,62T63,7.895247800520358
SVN,64T66,8.29306781909411
SVN,68,7.780737951476767
SVN,69T75,9.530289211089388
SVN,77T82,14.38878198704039
SVN,84,12.338978934500908
SVN,85,11.83543026393289
SVN,86T88,10.329562545870116
SVN,90T93,12.835744600699286
SVN,94T98,7.640066238644952
SWE,01T02,1904.1030365930749
SWE,03,346.59169368736457
SWE,05T06,1163.3511510016756
SWE,07T08,202.41662331149428
SWE,10T12,20.460936655876633
SWE,13T15,11.461080490306465
SWE,16,19.01820159050776
SWE,17T18,40.75458065008397
SWE,19,100.3491017647264
SWE,20,580.9883671650944
SWE,21,17.686630274340647
SWE,22,13.419233085991667
SWE,23,591.6855577980056
SWE,24,250.90350849900972
SWE,25,4.641618987029397
SWE,26,2.545575599751114
SWE,27,3.3102809887358373
SWE,28,4.127269624812587
SWE,29T30,3.9289650508833898
SWE,31T33,26.03526546463268
SWE,35,375.3105613068409
SWE,36T39,26.536107225195003
SWE,41T43,22.160550783164414
SWE,45T47,6.899032226179856
SWE,49,151.46186393192758
SWE,50,1990.4591390786873
SWE,51,886.9991181720161
SWE,52,16.348771873029587
SWE,53,20.328460445423573
SWE,55T56,2.2280095736708563
SWE,58T60,2.312068098382506
SWE,61,3.8873173051297263
SWE,62T63,1.8480624460745139
SWE,64T66,2.3940371457442304
SWE,68,5.086567300840588
SWE,69T75,2.9277605117168615
SWE,77T82,5.366965732173791
SWE,84,6.640616484246528
SWE,85,2.988618535621619
SWE,86T88,2.4518853980771107
SWE,90T93,11.215863348641541
SWE,94T98,3.9524536981111233
THA,01T02,1636.327271077511
THA,03,262.8368027834778
THA,05T06,2147.884865951735
THA,07T08,282.43309806726296
THA,10T12,74.17299267695304
THA,13T15,33.23384869754952
THA,16,178.72351630952735
THA,17T18,175.14066405092169
THA,19,90.6815949578068
THA,20,578.209693437141
THA,21,128.0011386492388
THA,22,143.30873949029106
THA,23,2830.470597400672
THA,24,805.9515981460792
THA,25,46.154044087761356
THA,26,20.271868375106287
THA,27,30.243137009742316
THA,28,77.30652189590771
THA,29T30,30.43100216555574
THA,31T33,115.49829821562248
THA,35,1334.7154396204
THA,36T39,52.435258873546566
THA,41T43,59.94989324823709
THA,45T47,19.22541908449487
THA,49,680.4039268228316
THA,50,1432.7836735644341
THA,51,1245.2270967105528
THA,52,15.610750128906849
THA,53,59.66904659021509
THA,55T56,24.689631168509315
THA,58T60,25.1716000698431
THA,61,21.42055513730169
THA,62T63,54.94393192953532
THA,64T66,15.642623176059306
THA,68,10.233889198165805
THA,69T75,45.63464821376016
THA,77T82,94.43469772850081
THA,84,51.93604945333231
THA,85,35.899480697482595
THA,86T88,16.494674903024727
THA,90T93,29.24143157197646
THA,94T98,41.393587220350724
TUN,01T02,1365.6314592265462
TUN,03,79.48190999898488
TUN,05T06,1634.2681576173168
TUN,07T08,449.9484735746935
TUN,10T12,41.67057992047514
TUN,13T15,48.405680838824345
TUN,16,42.723478789689224
TUN,17T18,219.24244447044393
TUN,19,249.09420065778733
TUN,20,303.8328180334772
TUN,21,107.78751037233772
TUN,22,1324.7748869413583
TUN,23,5272.207731253101
TUN,24,62.59571467758272
TUN,25,27.47839856455152
TUN,26,18.577963572795053
TUN,27,15.24191686761656
TUN,28,22.476344820115255
TUN,29T30,7.258851699292169
TUN,31T33,794.4603500193899
TUN,35,7532.9588542667725
TUN,36T39,76.75701828839163
TUN,41T43,83.38351488335991
TUN,45T47,42.630239637343216
TUN,49,529.3068353850732
TUN,50,507.9626439724133
TUN,51,1996.8982855653667
TUN,52,83.254370777116
TUN,53,93.41696521001612
TUN,55T56,30.766449040273606
TUN,58T60,40.778280046546236
TUN,61,37.78158387587112
TUN,62T63,36.658755676397504
TUN,64T66,28.430515881864526
TUN,68,36.78338818667682
TUN,69T75,42.932626894694685
TUN,77T82,59.18527184384168
TUN,84,38.6011369059386
TUN,85,34.53562674609504
TUN,86T88,41.7858769584531
TUN,90T93,67.244597646063
TUN,94T98,19.117505383863133
TUR,01T02,659.5585591617277
TUR,03,294.13074503443045
TUR,05T06,2086.8504114099
TUR,07T08,466.1413798191241
TUR,10T12,99.77317011611221
TUR,13T15,67.80527764161681
TUR,16,331.96689079956326
TUR,17T18,111.45305566328122
TUR,19,302.3331097592829
TUR,20,1073.1554369425035
TUR,21,256.9826322367435
TUR,22,141.74542863504774
TUR,23,2943.7588045961793
TUR,24,625.3827566472744
TUR,25,19.06138010474321
TUR,26,9.493820033643761
TUR,27,22.011688192014795
TUR,28,17.382256906406646
TUR,29T30,17.15437097332627
TUR,31T33,121.41357451422806
TUR,35,2198.3718117521807
TUR,36T39,59.22435681492693
TUR,41T43,49.313770481831405
TUR,45T47,70.92676380403006
TUR,49,320.56097264550755
TUR,50,886.980418571811
TUR,51,2006.760273611248
TUR,52,71.57064543117792
TUR,53,136.76272722213216
TUR,55T56,35.071805334774105
TUR,58T60,33.23179769286731
TUR,61,35.66024008487272
TUR,62T63,31.96223792231605
TUR,64T66,32.77899184658727
TUR,68,51.55911902981606
TUR,69T75,44.11514615610472
TUR,77T82,57.089398683344996
TUR,84,76.76689845013773
TUR,85,38.56980412595574
TUR,86T88,34.673865609201876
TUR,90T93,34.13847637250671
TUR,94T98,52.93060231766227
TWN,01T02,292.14999646226835
TWN,03,625.5632414740169
TWN,05T06,1471.1008688147776
TWN,07T08,671.5877943058207
TWN,10T12,44.129770428455465
TWN,13T15,102.7892437325054
TWN,16,38.529051509499446
TWN,17T18,198.9065441707346
TWN,19,374.583346933896
TWN,20,298.94940475956656
TWN,21,126.99208890634857
TWN,22,32.269041024221714
TWN,23,879.8124647302043
TWN,24,994.2011585656858
TWN,25,23.253062752214323
TWN,26,6.342487606952201
TWN,27,8.52535327815953
TWN,28,13.122270915521959
TWN,29T30,9.044756135702196
TWN,31T33,22.32887088961308
TWN,35,5580.090349969944
TWN,36T39,22.757817429035327
TWN,41T43,24.160651916572508
TWN,45T47,24.622243605189944
TWN,49,397.43586026474685
TWN,50,1153.7331463152723
TWN,51,1244.0138794859463
TWN,52,63.21226682516092
TWN,53,55.96247314904295
TWN,55T56,11.005379230466817
TWN,58T60,15.205924711408212
TWN,61,8.795846861620037
TWN,62T63,8.813725295979383
TWN,64T66,7.939601660034995
TWN,68,8.596116886568012
TWN,69T75,14.883401259985993
TWN,77T82,30.27452523862687
TWN,84,13.410520800915082
TWN,85,8.154841703064054
TWN,86T88,14.308030338695474
TWN,90T93,9.57739164427163
TWN,94T98,10.240815990473585
USA,01T02,1189.8775754739174
USA,03,51.82750587958596
USA,05T06,842.8935762928876
USA,07T08,196.31452492314696
USA,10T12,63.353589255709664
USA,13T15,43.82748229910062
USA,16,61.75396503220832
USA,17T18,111.35664419665319
USA,19,210.64775040464485
USA,20,334.09663981905896
USA,21,174.8066787160908
USA,22,89.16516623026618
USA,23,763.3180833057372
USA,24,289.2151094530002
USA,25,20.95637488885049
USA,26,16.31464700053953
USA,27,26.276068555959032
USA,28,22.014444292977
USA,29T30,9.975768522824799
USA,31T33,80.55298732280208
USA,35,3883.9821337350595
USA,36T39,35.17461323336975
USA,41T43,65.40320033743029
USA,45T47,16.812261084561523
USA,49,319.3142410754387
USA,50,982.3663103491691
USA,51,1110.030364283169
USA,52,56.27560494617713
USA,53,252.47747751400567
USA,55T56,15.28072822740659
USA,58T60,10.734850241117655
USA,61,11.544034022818995
USA,62T63,13.569715003625955
USA,64T66,18.667885015903646
USA,68,14.178770378627371
USA,69T75,12.688430214888454
USA,77T82,24.941035569959347
USA,84,73.89420710257414
USA,85,64.24709016811069
USA,86T88,12.119688678034962
USA,90T93,19.605797325141793
USA,94T98,15.413820985864131
VNM,01T02,1132.0130135084287
VNM,03,111.69026424049883
VNM,05T06,407.2651359764063
VNM,07T08,2748.7126669599347
VNM,10T12,26.93652651605508
VNM,13T15,72.13020869704746
VNM,16,85.69739935389124
VNM,17T18,191.24563584160697
VNM,19,459.51915801293717
VNM,20,227.21324060144707
VNM,21,123.77446162205109
VNM,22,68.63384304634131
VNM,23,3147.6918815164095
VNM,24,728.0726324486135
VNM,25,20.610926186120526
VNM,26,6.558773473422009
VNM,27,8.582162217065013
VNM,28,9.884229885023267
VNM,29T30,18.072246954287134
VNM,31T33,71.54542448551828
VNM,35,9756.210052890954
VNM,36T39,100.13874070961192
VNM,41T43,106.66408446919425
VNM,45T47,74.6859223440154
VNM,49,662.6755961544048
VNM,50,3128.6408835577495
VNM,51,1486.8018597479029
VNM,52,96.88022415188111
VNM,53,198.42021205570504
VNM,55T56,66.45598938429991
VNM,58T60,32.391937913036195
VNM,61,39.3946738499972
VNM,62T63,15.990802700940575
VNM,64T66,30.052328372525206
VNM,68,19.72512145852383
VNM,69T75,23.796488951853124
VNM,77T82,69.92173510430516
VNM,84,48.11401749519864
VNM,85,36.06582496402535
VNM,86T88,14.087160211954265
VNM,90T93,20.57208496579797
VNM,94T98,23.00604272509414
ZAF,01T02,1839.4900402303201
ZAF,03,177.40120711986881
ZAF,05T06,250.61299006613487
ZAF,07T08,909.5378713576297
ZAF,10T12,8.83257094761926
ZAF,13T15,1.6242351333166891
ZAF,16,25.76916343668188
ZAF,17T18,26.319100754284463
ZAF,19,1054.4666205731228
ZAF,20,426.0334013948678
ZAF,21,167.6168323764411
ZAF,22,1327.4837862879804
ZAF,23,2395.6186997151076
ZAF,24,5487.1445973655145
ZAF,25,7.244451937351688
ZAF,26,5.894624703231668
ZAF,27,45.03695369206697
ZAF,28,5.51554533642496
ZAF,29T30,2.186729925243296
ZAF,31T33,1909.8849281563585
ZAF,35,12151.933272380538
ZAF,36T39,33.051305456586654
ZAF,41T43,180.74516283591942
ZAF,45T47,105.93124317528255
ZAF,49,341.51915551408985
ZAF,50,6974.223435835393
ZAF,51,1251.6437818341155
ZAF,52,135.4110534628646
ZAF,53,71.31419480168206
ZAF,55T56,26.171952878811037
ZAF,58T60,38.07491679936189
ZAF,61,33.74138201510467
ZAF,62T63,83.68860400394011
ZAF,64T66,38.89335582410317
ZAF,68,75.83388824073292
ZAF,69T75,85.80938354388998
ZAF,77T82,98.32441260498182
ZAF,84,79.69572710438322
ZAF,85,11.324485986150512
ZAF,86T88,26.89427618097821
ZAF,90T93,35.351880036184156
ZAF,94T98,16.090442281796292
