row_country,row_sector,value
ARG,01T02,55102.686125704335
ARG,03,2914.68844465323
ARG,05T06,27522.787702446847
ARG,07T08,4926.994900177776
ARG,10T12,79483.00957230938
ARG,13T15,9697.197644517402
ARG,16,2088.9434807907396
ARG,17T18,10655.803822544945
ARG,19,17616.546446206958
ARG,20,19263.312309692417
ARG,21,7801.232083550836
ARG,22,8510.293647676845
ARG,23,6769.692476492745
ARG,24,12856.668218064131
ARG,25,6863.30296679033
ARG,26,4968.859565407671
ARG,27,3236.2038343502654
ARG,28,9484.392214706848
ARG,29T30,17304.16932934035
ARG,31T33,3808.249976049356
ARG,35,24888.622668436547
ARG,36T39,5943.996056414363
ARG,41T43,39715.356509453915
ARG,45T47,95312.84160932165
ARG,49,32493.67716068904
ARG,50,1296.365313618403
ARG,51,2936.7252851705707
ARG,52,8977.859231227543
ARG,53,1376.1671726051482
ARG,55T56,28783.0009767377
ARG,58T60,11327.11528629273
ARG,61,13495.246415307818
ARG,62T63,3428.6446339630616
ARG,64T66,34559.60940467342
ARG,68,20727.869016261342
ARG,69T75,25627.216148151936
ARG,77T82,26787.9670446724
ARG,84,50559.100240866166
ARG,85,31895.142496608085
ARG,86T88,41480.08582424586
ARG,90T93,4784.028520266382
ARG,94T98,20931.5851132124
AUS,01T02,66380.54243523182
AUS,03,8497.499621103718
AUS,05T06,125799.2430961901
AUS,07T08,104398.27483553792
AUS,10T12,78523.09464290766
AUS,13T15,4591.318611140894
AUS,16,11083.503620919302
AUS,17T18,11797.132420356871
AUS,19,17650.80010344005
AUS,20,12493.071651028822
AUS,21,9029.920012379835
AUS,22,11039.528384668549
AUS,23,15622.15881848495
AUS,24,41821.54091871672
AUS,25,22662.398518572416
AUS,26,8189.846347769815
AUS,27,4672.013297800966
AUS,28,10127.491852671841
AUS,29T30,19608.015751870043
AUS,31T33,16495.69904759249
AUS,35,56913.61940856064
AUS,36T39,28723.164722627473
AUS,41T43,341602.9120369918
AUS,45T47,212454.6386662844
AUS,49,43110.8727609087
AUS,50,20962.2553490683
AUS,51,21434.449831432696
AUS,52,48776.070885488785
AUS,53,11348.523406390505
AUS,55T56,66566.16993707136
AUS,58T60,19655.050747438203
AUS,61,42752.00380775459
AUS,62T63,57726.009127015226
AUS,64T66,185938.52019913564
AUS,68,212626.3402149114
AUS,69T75,137658.64065518384
AUS,77T82,114632.58270774849
AUS,84,118440.30151597396
AUS,85,95538.6315368486
AUS,86T88,138822.8212798703
AUS,90T93,29642.203725620995
AUS,94T98,24490.931428791973
AUT,01T02,11746.427007101094
AUT,03,104.50301444834619
AUT,05T06,1269.7737906063408
AUT,07T08,1588.8717520686562
AUT,10T12,27086.64890993385
AUT,13T15,3398.68198281744
AUT,16,11046.02866753918
AUT,17T18,10664.98239456344
AUT,19,7421.619687945318
AUT,20,16869.994869899718
AUT,21,5352.7758769187085
AUT,22,8228.777306800948
AUT,23,8167.99764812202
AUT,24,21937.864587369942
AUT,25,20120.168005054325
AUT,26,11150.561276410801
AUT,27,15720.117276456622
AUT,28,30148.583855540193
AUT,29T30,25933.18572893736
AUT,31T33,15886.057426713176
AUT,35,39183.282631063565
AUT,36T39,9917.868404731045
AUT,41T43,69233.2726751016
AUT,45T47,84174.64646175815
AUT,49,21631.312945413916
AUT,50,915.4930576486809
AUT,51,3848.4460533857628
AUT,52,15075.483147908548
AUT,53,3661.300754935265
AUT,55T56,34429.272894003436
AUT,58T60,7020.320970219716
AUT,61,7305.273641418284
AUT,62T63,16243.123078074641
AUT,64T66,32229.04828729258
AUT,68,60109.691823705
AUT,69T75,42549.35604159656
AUT,77T82,27671.286692185735
AUT,84,30552.212351458722
AUT,85,26269.289354454293
AUT,86T88,42293.76386141973
AUT,90T93,7786.854476546435
AUT,94T98,9728.49862285058
BEL,01T02,11827.406366277548
BEL,03,177.50413182256165
BEL,05T06,35.691647530676256
BEL,07T08,1078.6451823609236
BEL,10T12,51997.18804473766
BEL,13T15,6627.1213821953115
BEL,16,4519.248963803976
BEL,17T18,8611.411169797346
BEL,19,31740.508840072886
BEL,20,39585.41732122849
BEL,21,32598.79779162485
BEL,22,17283.853114296267
BEL,23,10308.815913020519
BEL,24,32840.08621325934
BEL,25,17020.59100213666
BEL,26,5097.128312647239
BEL,27,4246.816449519518
BEL,28,14920.513953940015
BEL,29T30,18872.350425416735
BEL,31T33,11716.540851586047
BEL,35,17208.696065988777
BEL,36T39,14485.897203602544
BEL,41T43,101031.35823953591
BEL,45T47,128608.64848224068
BEL,49,27842.514002167994
BEL,50,3709.4904308825817
BEL,51,7440.117045832908
BEL,52,34194.12154345431
BEL,53,5822.56097371004
BEL,55T56,23997.05644482017
BEL,58T60,11258.116509107513
BEL,61,18619.46746248422
BEL,62T63,45987.40557891368
BEL,64T66,184824.15904586433
BEL,68,67573.74357838668
BEL,69T75,114295.99032160608
BEL,77T82,58042.52068903002
BEL,84,54532.51094268736
BEL,85,42014.29858462897
BEL,86T88,65749.0917152575
BEL,90T93,9081.452991969221
BEL,94T98,14427.729382668425
BGR,01T02,5385.650387036316
BGR,03,65.2308515268004
BGR,05T06,531.2340082498472
BGR,07T08,1452.356119179847
BGR,10T12,6534.103718781592
BGR,13T15,2384.7046355771236
BGR,16,627.9795088654441
BGR,17T18,1225.6166759543019
BGR,19,3739.954999399877
BGR,20,1722.781891084478
BGR,21,729.9862975499057
BGR,22,2028.6252742748957
BGR,23,1666.7017524509033
BGR,24,6028.26081894128
BGR,25,2615.6957711568757
BGR,26,775.5588105135536
BGR,27,2139.5458581956977
BGR,28,2150.3486784406755
BGR,29T30,1793.678978526936
BGR,31T33,2117.2908844381645
BGR,35,4342.091988757567
BGR,36T39,1081.8777723343178
BGR,41T43,9813.982984457685
BGR,45T47,15205.242081658424
BGR,49,6270.538202078964
BGR,50,150.9237157677763
BGR,51,758.0724158268365
BGR,52,2765.759393952004
BGR,53,517.8272332009316
BGR,55T56,2930.6352938938285
BGR,58T60,883.234269852861
BGR,61,1951.8284661650227
BGR,62T63,3828.863637743463
BGR,64T66,5646.512766234235
BGR,68,8138.22631723834
BGR,69T75,4497.103953406461
BGR,77T82,3118.474571022581
BGR,84,5019.476604698558
BGR,85,2742.500834459554
BGR,86T88,3639.6665952875505
BGR,90T93,2462.1840663187377
BGR,94T98,1356.17281664865
BRA,01T02,150883.8592721441
BRA,03,7288.049474271304
BRA,05T06,53870.10115560333
BRA,07T08,37598.2517170397
BRA,10T12,197855.5173230911
BRA,13T15,42797.54464585749
BRA,16,8474.573913025342
BRA,17T18,33944.96328455581
BRA,19,130186.48397101773
BRA,20,82443.47178564977
BRA,21,19767.35141056158
BRA,22,31427.247134309815
BRA,23,21749.168095611025
BRA,24,47847.42966850502
BRA,25,26433.03791174395
BRA,26,26845.268245280997
BRA,27,20726.888735363857
BRA,28,33526.251348346996
BRA,29T30,88124.23312677344
BRA,31T33,40238.605465739834
BRA,35,83778.4238777896
BRA,36T39,19873.24345909202
BRA,41T43,143132.84951673032
BRA,45T47,310984.5304821339
BRA,49,103397.99465942322
BRA,50,5973.969202859368
BRA,51,11616.857869481035
BRA,52,28640.593833537256
BRA,53,9148.198380902568
BRA,55T56,79004.3301392388
BRA,58T60,16016.573962957724
BRA,61,43265.776039457305
BRA,62T63,43403.445429700456
BRA,64T66,172961.3993644415
BRA,68,176990.88798216655
BRA,69T75,111460.51855438139
BRA,77T82,84892.1265107665
BRA,84,222646.89340794523
BRA,85,128214.51931384129
BRA,86T88,109792.85291436106
BRA,90T93,10549.333046038666
BRA,94T98,88671.8355190398
BRN,01T02,156.73331113283336
BRN,03,5.323963804208189
BRN,05T06,10185.488469842789
BRN,07T08,101.02910089932621
BRN,10T12,61.6304756141848
BRN,13T15,127.86491126284429
BRN,16,6.641773869786603
BRN,17T18,22.519282960377815
BRN,19,3149.5131556446568
BRN,20,169.71543550836472
BRN,21,0.444433993726167
BRN,22,21.020672729910476
BRN,23,64.89337003340819
BRN,24,45.33928336253927
BRN,25,23.85545039989335
BRN,26,12.177596820197593
BRN,27,22.1463651419854
BRN,28,23.35910816642683
BRN,29T30,192.94526801791602
BRN,31T33,49.435224588416155
BRN,35,244.42237446717417
BRN,36T39,77.99042068949939
BRN,41T43,1519.3497085617512
BRN,45T47,1350.4544769623153
BRN,49,83.21354653669981
BRN,50,236.88065326137317
BRN,51,358.6523820798258
BRN,52,103.40158425071448
BRN,53,15.415305607125207
BRN,55T56,255.5996899684756
BRN,58T60,45.51445128392603
BRN,61,457.65640770750696
BRN,62T63,16.555010994124686
BRN,64T66,1148.2792166744046
BRN,68,407.25666226394776
BRN,69T75,640.0155868977314
BRN,77T82,145.52490408241968
BRN,84,3110.9355326411332
BRN,85,823.4382446389052
BRN,86T88,420.3865800241486
BRN,90T93,14.315889050282756
BRN,94T98,33.9754642139325
CAN,01T02,74594.14994622901
CAN,03,4343.395449267647
CAN,05T06,113728.05693903995
CAN,07T08,30629.635147869387
CAN,10T12,97504.5395155267
CAN,13T15,5400.503571318226
CAN,16,27422.015847392162
CAN,17T18,30833.060784954574
CAN,19,49930.86514514878
CAN,20,37009.69004954892
CAN,21,10160.271895214122
CAN,22,24782.54817985469
CAN,23,18417.923888537483
CAN,24,57747.49253145241
CAN,25,29785.058044307858
CAN,26,11926.566040199868
CAN,27,9113.918014568073
CAN,28,31259.979319107493
CAN,29T30,109049.26973519224
CAN,31T33,30388.92110571944
CAN,35,44586.171375456346
CAN,36T39,14797.11186227067
CAN,41T43,267235.199557656
CAN,45T47,281956.681832232
CAN,49,80924.05772631156
CAN,50,4503.941222204196
CAN,51,20354.76943213284
CAN,52,35892.29761369797
CAN,53,11833.172280329709
CAN,55T56,77853.77961377826
CAN,58T60,34168.59510227265
CAN,61,50260.122803753125
CAN,62T63,52145.01850205523
CAN,64T66,214138.21281575004
CAN,68,259043.04104146332
CAN,69T75,112351.66841663215
CAN,77T82,83632.43815720925
CAN,84,208660.10192416268
CAN,85,110758.94006129085
CAN,86T88,174347.66076843726
CAN,90T93,25698.235432485024
CAN,94T98,35644.90904827482
CHE,01T02,11427.320733293689
CHE,03,47.88272589206794
CHE,05T06,764.3901996186797
CHE,07T08,1102.1925006288525
CHE,10T12,40385.19078477794
CHE,13T15,3238.9278460153364
CHE,16,7948.551452550427
CHE,17T18,5975.963039548904
CHE,19,17594.94318506551
CHE,20,9986.049230761539
CHE,21,100916.80928819874
CHE,22,7195.054180825107
CHE,23,6182.817129371422
CHE,24,5405.697040354405
CHE,25,18450.752240696518
CHE,26,59702.925300123155
CHE,27,21791.519271305617
CHE,28,31007.552792723727
CHE,29T30,7593.384941974686
CHE,31T33,16465.56584211287
CHE,35,37999.723089890285
CHE,36T39,5515.343033627003
CHE,41T43,78144.62221779108
CHE,45T47,176042.5570127317
CHE,49,28355.350143938922
CHE,50,26611.660883184573
CHE,51,7774.638647406248
CHE,52,18105.753443211932
CHE,53,5422.323137574608
CHE,55T56,23889.603481808896
CHE,58T60,7433.832820313764
CHE,61,16250.765699653399
CHE,62T63,29107.176425907994
CHE,64T66,115072.13709386237
CHE,68,67040.9851787248
CHE,69T75,113834.12943291393
CHE,77T82,35706.309400401035
CHE,84,106257.5365128806
CHE,85,7270.811521020059
CHE,86T88,80845.55723981716
CHE,90T93,15912.125862277586
CHE,94T98,17270.14392767497
CHL,01T02,18233.985475091402
CHL,03,5352.501896907957
CHL,05T06,459.5517344376698
CHL,07T08,25631.772508669073
CHL,10T12,37126.3314319308
CHL,13T15,2041.4285669078697
CHL,16,4571.925828159388
CHL,17T18,9078.98871958714
CHL,19,5863.060336405735
CHL,20,7065.23510814512
CHL,21,1873.5760696582572
CHL,22,3204.5722229978755
CHL,23,3553.6001161627446
CHL,24,28044.56411343169
CHL,25,4022.0205289524392
CHL,26,1299.7313997541175
CHL,27,709.8409435283795
CHL,28,2478.9285623574838
CHL,29T30,2769.724340073072
CHL,31T33,3064.3556255583853
CHL,35,18431.715998991673
CHL,36T39,3342.3283574691836
CHL,41T43,42417.61705645308
CHL,45T47,55652.178523286784
CHL,49,18513.235294432336
CHL,50,1133.0831802208434
CHL,51,4990.231101017337
CHL,52,7790.304311654667
CHL,53,589.2935568244931
CHL,55T56,12633.06660582697
CHL,58T60,4829.659994872231
CHL,61,7355.592812369732
CHL,62T63,4740.826122315919
CHL,64T66,23033.34609693326
CHL,68,31150.936798904208
CHL,69T75,28022.65558405575
CHL,77T82,14220.746853102979
CHL,84,20214.72912499524
CHL,85,19398.14101381784
CHL,86T88,22752.770422520636
CHL,90T93,3605.6607249007743
CHL,94T98,4854.762953176329
CHN,01T02,1913550.1689304106
CHN,03,212871.9452594545
CHN,05T06,659359.245520078
CHN,07T08,315769.9445871742
CHN,10T12,1732045.7099057138
CHN,13T15,1514921.7718562474
CHN,16,238058.963504815
CHN,17T18,480303.8947824574
CHN,19,646525.4946141772
CHN,20,1335338.3229401202
CHN,21,396479.4285350131
CHN,22,574901.5227135957
CHN,23,1063760.2764488521
CHN,24,1777051.067258001
CHN,25,799022.1891228508
CHN,26,1672939.607473583
CHN,27,921698.6327209192
CHN,28,1237948.1084628294
CHN,29T30,1487379.0074551855
CHN,31T33,380912.5407817458
CHN,35,1015862.3426467429
CHN,36T39,208281.93245256264
CHN,41T43,3402507.898664897
CHN,45T47,2142301.719734852
CHN,49,893164.579187863
CHN,50,147360.57422397815
CHN,51,149988.83775629016
CHN,52,198316.81597560615
CHN,53,117454.86428782198
CHN,55T56,654604.3138307848
CHN,58T60,90453.87044003543
CHN,61,282631.3246079683
CHN,62T63,394931.57092815486
CHN,64T66,1286228.9690199753
CHN,68,1191643.2490241854
CHN,69T75,713639.6266220836
CHN,77T82,945382.9290970613
CHN,84,909895.4910057462
CHN,85,650535.4013228415
CHN,86T88,482782.3805221373
CHN,90T93,153933.65376427452
CHN,94T98,334567.38796303986
COL,01T02,31968.063338483167
COL,03,1052.1587411471223
COL,05T06,31492.818465250184
COL,07T08,2930.8448643947486
COL,10T12,39150.778267253445
COL,13T15,8647.968434631515
COL,16,1016.3549502376474
COL,17T18,5947.483791000793
COL,19,22195.990714216503
COL,20,10846.790484148332
COL,21,2722.849132004595
COL,22,4677.4622846284055
COL,23,8238.926901122555
COL,24,5096.184016397478
COL,25,2449.014629854421
COL,26,59.23227993585195
COL,27,2096.764286845478
COL,28,1120.0508752218846
COL,29T30,3346.97954659341
COL,31T33,6137.649272797031
COL,35,18251.155166521232
COL,36T39,5978.220989615067
COL,41T43,56562.57081661044
COL,45T47,50249.95573399416
COL,49,21788.97583227
COL,50,281.3638264694648
COL,51,4652.4671728517105
COL,52,5258.429581021199
COL,53,858.6155781433404
COL,55T56,26060.436628044677
COL,58T60,1951.2609073105714
COL,61,11496.49669788278
COL,62T63,4809.13970849348
COL,64T66,26552.569892703978
COL,68,32687.854807025797
COL,69T75,15439.205928941892
COL,77T82,16468.595317201452
COL,84,35152.23704333334
COL,85,21808.228827914132
COL,86T88,26542.436748126158
COL,90T93,5248.971948997177
COL,94T98,6712.311335481527
CRI,01T02,5259.486133415661
CRI,03,101.67804166365241
CRI,05T06,6.3983226164958324
CRI,07T08,340.8360089321072
CRI,10T12,8386.801659204939
CRI,13T15,386.0440156189684
CRI,16,192.68440475942126
CRI,17T18,870.6415166356301
CRI,19,469.1265769042328
CRI,20,1274.4332501954477
CRI,21,277.8513366939954
CRI,22,625.0667939124122
CRI,23,806.8769461496238
CRI,24,462.0490915503
CRI,25,407.7394579243713
CRI,26,158.68726254069662
CRI,27,542.3786195897688
CRI,28,35.604541716518085
CRI,29T30,48.95798783541772
CRI,31T33,4612.069287024242
CRI,35,1780.8071467737072
CRI,36T39,669.179251563418
CRI,41T43,7919.775644980991
CRI,45T47,8814.153585441309
CRI,49,2157.0433986147164
CRI,50,562.0775821100726
CRI,51,715.3902645135535
CRI,52,1447.2373247084026
CRI,53,336.0180969584278
CRI,55T56,4348.665111005289
CRI,58T60,1706.7105811158124
CRI,61,1961.2837829118628
CRI,62T63,2120.9784372998583
CRI,64T66,5625.870017687785
CRI,68,6114.297385418266
CRI,69T75,6160.0768019553325
CRI,77T82,3999.254278156075
CRI,84,3504.271466214036
CRI,85,5515.9810011195505
CRI,86T88,5097.226243275247
CRI,90T93,922.8892734993606
CRI,94T98,2257.1049740824305
CYP,01T02,898.2652929918083
CYP,03,62.10582857684567
CYP,05T06,30.586591762931647
CYP,07T08,61.06373386702193
CYP,10T12,1861.8836289232672
CYP,13T15,43.99600692706968
CYP,16,147.19195261706867
CYP,17T18,123.95599684838922
CYP,19,7.3621138056991455
CYP,20,70.37638066296087
CYP,21,283.1002652277649
CYP,22,96.10308312232615
CYP,23,400.4992304187767
CYP,24,72.80164723091923
CYP,25,344.0942702990043
CYP,26,52.729131194822685
CYP,27,35.61343124251189
CYP,28,61.54380072153289
CYP,29T30,18.68608288162156
CYP,31T33,295.0002990918885
CYP,35,824.9682135081857
CYP,36T39,370.7785814209926
CYP,41T43,3582.1903886222426
CYP,45T47,3858.828709990051
CYP,49,519.5767317467909
CYP,50,1942.3057787483385
CYP,51,167.81715879269382
CYP,52,2939.7807243554244
CYP,53,91.871034971299
CYP,55T56,2891.21527673355
CYP,58T60,1572.5271172740072
CYP,61,745.7570268205259
CYP,62T63,2052.508534870852
CYP,64T66,6243.3815997942165
CYP,68,2556.675795839315
CYP,69T75,2739.808437361024
CYP,77T82,643.8134426177363
CYP,84,2363.7852064862004
CYP,85,1501.8155669319106
CYP,86T88,1299.2183041448259
CYP,90T93,1069.685363192136
CYP,94T98,716.0369593124154
CZE,01T02,12041.028213508027
CZE,03,77.28453129210004
CZE,05T06,2237.3218599693637
CZE,07T08,937.9034953369477
CZE,10T12,16996.855375576182
CZE,13T15,3715.1337088029895
CZE,16,4642.64059906145
CZE,17T18,5612.239963779726
CZE,19,4245.6371153670425
CZE,20,7169.984095334015
CZE,21,2151.271246907326
CZE,22,13697.63223147048
CZE,23,6961.545766782667
CZE,24,9731.507612802152
CZE,25,18797.401881476275
CZE,26,17247.616252517808
CZE,27,14528.94739815298
CZE,28,17220.566589924954
CZE,29T30,62461.25266746823
CZE,31T33,10651.010027062082
CZE,35,17589.87647565765
CZE,36T39,6130.690609809913
CZE,41T43,40184.94100997419
CZE,45T47,52427.09311742334
CZE,49,16039.078731303287
CZE,50,74.27303296959535
CZE,51,2385.077054059325
CZE,52,13067.900990455522
CZE,53,1584.2417164744365
CZE,55T56,10203.817558969875
CZE,58T60,5135.78977039165
CZE,61,6017.983973894491
CZE,62T63,11128.564288765552
CZE,64T66,16282.203148702123
CZE,68,36048.83635556406
CZE,69T75,27609.269157886105
CZE,77T82,12386.968734885419
CZE,84,20334.904849043087
CZE,85,12453.948645990133
CZE,86T88,15942.335045993472
CZE,90T93,5020.736981363882
CZE,94T98,4534.503322536663
DEU,01T02,64283.37856837454
DEU,03,558.1418005073124
DEU,05T06,8741.398594048911
DEU,07T08,4014.344654968385
DEU,10T12,224257.45800009076
DEU,13T15,28008.781908566212
DEU,16,28299.98636502089
DEU,17T18,67292.49099478868
DEU,19,67141.100163264
DEU,20,164372.190529464
DEU,21,65744.02296132514
DEU,22,99523.73711546548
DEU,23,58526.31305736683
DEU,24,125138.17151609481
DEU,25,163565.6009714223
DEU,26,108740.58860520116
DEU,27,126482.10283587991
DEU,28,323575.5032011162
DEU,29T30,541600.9557903381
DEU,31T33,116642.39773315715
DEU,35,175909.4332972996
DEU,36T39,85481.21239273099
DEU,41T43,394308.13188370224
DEU,45T47,621753.7971561917
DEU,49,127606.78275169453
DEU,50,37771.07329027461
DEU,51,30987.463675126906
DEU,52,169891.75527337188
DEU,53,49717.37909352399
DEU,55T56,115551.53688907018
DEU,58T60,83997.4564866082
DEU,61,79295.42937812753
DEU,62T63,180181.58707542182
DEU,64T66,304762.7727664104
DEU,68,497130.69946813566
DEU,69T75,414650.8459164281
DEU,77T82,312181.552289335
DEU,84,336910.81800126587
DEU,85,206347.23033630566
DEU,86T88,400229.29313868674
DEU,90T93,76613.34410752697
DEU,94T98,120316.24536112542
DNK,01T02,11684.542815893949
DNK,03,865.4356046613416
DNK,05T06,4388.7605570152355
DNK,07T08,334.6560257868742
DNK,10T12,23560.0793828468
DNK,13T15,1807.7024889708703
DNK,16,1794.226026780556
DNK,17T18,2619.23234576942
DNK,19,4559.995369759823
DNK,20,7378.431252119593
DNK,21,16378.063406287543
DNK,22,3363.53488615621
DNK,23,3775.2635216569347
DNK,24,1738.1516456847635
DNK,25,6945.945824987632
DNK,26,6081.129815117574
DNK,27,3017.1747360195977
DNK,28,22854.34735818779
DNK,29T30,1901.2631123087094
DNK,31T33,10393.43737594803
DNK,35,7417.466484713842
DNK,36T39,6377.766494126678
DNK,41T43,49750.389168469905
DNK,45T47,71386.27994753532
DNK,49,13614.617622078727
DNK,50,33917.7344733684
DNK,51,3363.6897907290777
DNK,52,8550.262405565456
DNK,53,2260.789878594107
DNK,55T56,11659.138934720073
DNK,58T60,8259.35707185059
DNK,61,5975.022164512213
DNK,62T63,13841.858382731303
DNK,64T66,28341.58416640372
DNK,68,45824.096493436286
DNK,69T75,35982.88356041358
DNK,77T82,20681.386754525756
DNK,84,23440.805100961617
DNK,85,24666.851879672107
DNK,86T88,44981.74122849894
DNK,90T93,8047.296718661045
DNK,94T98,7970.747165057195
ESP,01T02,68461.45240956996
ESP,03,3248.175383808108
ESP,05T06,1665.8735092989157
ESP,07T08,4561.467028984509
ESP,10T12,146220.9100065375
ESP,13T15,23103.63422209936
ESP,16,8609.962217604336
ESP,17T18,23604.350378696614
ESP,19,49072.54320672242
ESP,20,47978.03654117944
ESP,21,17297.68270229231
ESP,22,24027.308287604126
ESP,23,22375.533962201556
ESP,24,40421.3455713482
ESP,25,44430.60961010525
ESP,26,5410.091198391422
ESP,27,21832.404168754678
ESP,28,25849.915309277592
ESP,29T30,101295.4749511302
ESP,31T33,29253.607229139197
ESP,35,69360.38524866669
ESP,36T39,35490.76376465302
ESP,41T43,176699.7991980467
ESP,45T47,284656.5667383446
ESP,49,64249.545590578535
ESP,50,2695.6203865150405
ESP,51,14651.544896999694
ESP,52,55950.616493535694
ESP,53,6023.910304430323
ESP,55T56,145634.18846064177
ESP,58T60,23488.89112299643
ESP,61,38713.01976164161
ESP,62T63,43868.62929831691
ESP,64T66,90249.08665574138
ESP,68,174727.9928238243
ESP,69T75,112249.96709941971
ESP,77T82,98341.83849901066
ESP,84,106889.35851085171
ESP,85,78406.26507053034
ESP,86T88,126491.51385034728
ESP,90T93,42371.19335056101
ESP,94T98,47786.83800229942
EST,01T02,2267.9725634875795
EST,03,106.09637181916656
EST,05T06,390.6328294240916
EST,07T08,154.94556785918337
EST,10T12,2016.7745250127678
EST,13T15,666.4226952145772
EST,16,2803.745436536409
EST,17T18,600.9788293321174
EST,19,326.984193491656
EST,20,552.8065271702478
EST,21,42.06261583470481
EST,22,537.0624017104456
EST,23,745.4957409330876
EST,24,356.4465993105456
EST,25,1636.9182936509753
EST,26,1580.4039645867724
EST,27,894.3598591689445
EST,28,561.1485673290333
EST,29T30,661.017930771725
EST,31T33,1647.0227433068446
EST,35,2083.964795401481
EST,36T39,426.73284227894294
EST,41T43,5398.46323412862
EST,45T47,6004.8459756582315
EST,49,2134.500209452439
EST,50,661.4871120383068
EST,51,356.0374995943132
EST,52,3052.9450805803845
EST,53,202.44091093872888
EST,55T56,1309.8511790828034
EST,58T60,429.57197831319286
EST,61,798.1625972520704
EST,62T63,1812.4037087272695
EST,64T66,1716.1066590553478
EST,68,4181.82043570815
EST,69T75,2811.026430720075
EST,77T82,1743.9526027663053
EST,84,2666.274742257333
EST,85,1795.6496032190553
EST,86T88,1771.44599012722
EST,90T93,900.4684234010747
EST,94T98,526.5005666681966
FIN,01T02,12294.858997673651
FIN,03,261.01474512017364
FIN,05T06,716.5526353549265
FIN,07T08,2315.2343427039964
FIN,10T12,13418.049319228245
FIN,13T15,1182.243424135252
FIN,16,7878.866905537458
FIN,17T18,19472.17483844763
FIN,19,11642.912615839967
FIN,20,10198.47335913363
FIN,21,2607.785652806416
FIN,22,3692.000887366268
FIN,23,3910.497427838425
FIN,24,11523.625261345862
FIN,25,9323.30613155463
FIN,26,10796.090912288062
FIN,27,6283.2516484595
FIN,28,18853.29819467767
FIN,29T30,4897.865520215784
FIN,31T33,6331.675227546441
FIN,35,11093.71858832007
FIN,36T39,4860.071556711624
FIN,41T43,45689.3968598655
FIN,45T47,40404.14284861815
FIN,49,12703.50656330007
FIN,50,2871.1625502460874
FIN,51,3558.540829408784
FIN,52,8751.671975686755
FIN,53,1639.3145272464556
FIN,55T56,10360.278898105942
FIN,58T60,8972.530615821262
FIN,61,5058.490028912744
FIN,62T63,14295.578578602945
FIN,64T66,15823.87330166349
FIN,68,41289.93958744311
FIN,69T75,22272.473670947053
FIN,77T82,15044.37218358623
FIN,84,25814.479682977937
FIN,85,16844.31119784042
FIN,86T88,36099.17059342467
FIN,90T93,6651.743091297437
FIN,94T98,7918.980672056106
FRA,01T02,103160.32249937522
FRA,03,3059.458980630739
FRA,05T06,409.6393836936834
FRA,07T08,5179.770369701724
FRA,10T12,182745.8666139482
FRA,13T15,18626.936461654444
FRA,16,13352.769541674646
FRA,17T18,30518.592987295662
FRA,19,46024.87510869193
FRA,20,79362.62891031915
FRA,21,31953.906733658005
FRA,22,35558.89698101971
FRA,23,28563.393717245566
FRA,24,37889.02810751896
FRA,25,63951.70711989863
FRA,26,32190.53890088758
FRA,27,24108.382569433743
FRA,28,44940.21311189605
FRA,29T30,168106.21277447284
FRA,31T33,83500.01511865805
FRA,35,135583.31900906548
FRA,36T39,46541.29421731508
FRA,41T43,358612.871475394
FRA,45T47,518761.16953018657
FRA,49,113752.30601629258
FRA,50,22184.948522230734
FRA,51,24909.22177381323
FRA,52,79399.99747738833
FRA,53,15379.472986070608
FRA,55T56,138112.42035386997
FRA,58T60,67393.28666836594
FRA,61,64829.20293353474
FRA,62T63,121494.8423541559
FRA,64T66,266146.4749695005
FRA,68,384386.2925819267
FRA,69T75,431229.096232622
FRA,77T82,246016.40238702894
FRA,84,264244.2832151437
FRA,85,162941.29849222366
FRA,86T88,299839.63421996206
FRA,90T93,64798.43934383852
FRA,94T98,57854.85224814579
GBR,01T02,41044.27828689689
GBR,03,2676.336735089937
GBR,05T06,46107.43764249085
GBR,07T08,8147.750853861673
GBR,10T12,131928.9903508287
GBR,13T15,16727.771467425307
GBR,16,11062.903237318367
GBR,17T18,32534.968483159995
GBR,19,42078.25681486506
GBR,20,48056.65401071566
GBR,21,35256.66684190174
GBR,22,31951.937978007416
GBR,23,20268.647619646068
GBR,24,20152.406633155817
GBR,25,46272.87422085459
GBR,26,30857.921994807286
GBR,27,17393.520215774675
GBR,28,50797.03065879277
GBR,29T30,132199.82598869654
GBR,31T33,51082.54216049478
GBR,35,161412.7215170206
GBR,36T39,60080.15670153835
GBR,41T43,421102.76812015416
GBR,45T47,470901.8426974976
GBR,49,84148.50869069425
GBR,50,19653.597193572183
GBR,51,35129.921040089626
GBR,52,67056.50991444648
GBR,53,27327.719158284803
GBR,55T56,137176.26464027434
GBR,58T60,88812.75246440223
GBR,61,71968.90858603477
GBR,62T63,134670.70115761817
GBR,64T66,378710.98229022784
GBR,68,431399.860162255
GBR,69T75,340457.77888556634
GBR,77T82,235831.15861866443
GBR,84,218857.90065115265
GBR,85,206307.40249188745
GBR,86T88,317535.4754278371
GBR,90T93,70592.04943590767
GBR,94T98,72171.70181834728
GRC,01T02,13991.93813031479
GRC,03,1030.180184689293
GRC,05T06,220.87788905855504
GRC,07T08,1240.824572312625
GRC,10T12,17861.96335032527
GRC,13T15,1983.1793003469925
GRC,16,418.2315030172315
GRC,17T18,2245.7626699217317
GRC,19,19097.38769931585
GRC,20,2798.875938398211
GRC,21,2208.448063989921
GRC,22,2117.7752352144507
GRC,23,2277.647261424292
GRC,24,5508.970126134549
GRC,25,3250.181494606438
GRC,26,714.2045381936705
GRC,27,1352.1997575116109
GRC,28,1011.6847252702462
GRC,29T30,730.1178030526333
GRC,31T33,1719.1765403714558
GRC,35,12088.098113700482
GRC,36T39,4063.1417954682006
GRC,41T43,8352.76462154041
GRC,45T47,41764.6217017922
GRC,49,6727.681285194787
GRC,50,18017.032273924397
GRC,51,2889.4459887482617
GRC,52,6288.420354425355
GRC,53,1080.4632844498587
GRC,55T56,25372.062566962173
GRC,58T60,2273.381755953218
GRC,61,7292.782544633903
GRC,62T63,2689.867740828803
GRC,64T66,13532.365650133106
GRC,68,34686.344003275946
GRC,69T75,10639.324238076493
GRC,77T82,7551.820693143789
GRC,84,23939.81852679863
GRC,85,11661.915988637864
GRC,86T88,11682.761397315478
GRC,90T93,5120.1698030713305
GRC,94T98,6003.16685928477
HRV,01T02,3333.236031372101
HRV,03,381.11120482624244
HRV,05T06,365.52819548223374
HRV,07T08,234.7248360257778
HRV,10T12,5642.584282842058
HRV,13T15,1321.0363280307251
HRV,16,1093.889594395261
HRV,17T18,1179.1329399620101
HRV,19,2836.143088612829
HRV,20,799.2596333695365
HRV,21,889.2799901367737
HRV,22,982.3534358644256
HRV,23,1235.8878430827776
HRV,24,268.7553835039751
HRV,25,2093.6218996753137
HRV,26,561.3665054554224
HRV,27,1032.0916762124689
HRV,28,1076.6998287595243
HRV,29T30,1022.5599643015219
HRV,31T33,1485.939153000515
HRV,35,3862.7684315669894
HRV,36T39,1256.614066215508
HRV,41T43,7678.886049880257
HRV,45T47,11344.908610753704
HRV,49,2960.8065542433496
HRV,50,523.6324028528912
HRV,51,610.6118398677575
HRV,52,1541.3564797716494
HRV,53,330.5252357800211
HRV,55T56,5781.63466014655
HRV,58T60,958.2644595517775
HRV,61,1737.536821877649
HRV,62T63,1742.440345364309
HRV,64T66,4421.080458974803
HRV,68,7318.5862700726175
HRV,69T75,5177.361237942277
HRV,77T82,2778.1088886101047
HRV,84,5101.6090274453145
HRV,85,3138.17435716432
HRV,86T88,4060.1752485495344
HRV,90T93,1934.131918895359
HRV,94T98,1638.9289080097383
HUN,01T02,12436.89255687736
HUN,03,50.25625328604233
HUN,05T06,396.54556477506424
HUN,07T08,334.21441493730043
HUN,10T12,13117.582764206978
HUN,13T15,1781.2698007408899
HUN,16,1264.2829708182899
HUN,17T18,2911.0658637148854
HUN,19,6554.849707001409
HUN,20,6352.681171135012
HUN,21,3771.7301523262636
HUN,22,7096.652482988223
HUN,23,3143.0940327301805
HUN,24,4013.635059484474
HUN,25,6379.761335892383
HUN,26,13868.835641696955
HUN,27,5433.25294071383
HUN,28,7146.073779963786
HUN,29T30,32177.608432000216
HUN,31T33,4156.249487748426
HUN,35,5136.104433416879
HUN,36T39,2679.914042466983
HUN,41T43,18339.215411397818
HUN,45T47,28822.190781329817
HUN,49,9394.68716554523
HUN,50,114.54554294211988
HUN,51,3203.667079571586
HUN,52,4889.404066110603
HUN,53,965.8331528225365
HUN,55T56,6431.420542963063
HUN,58T60,3418.281489833127
HUN,61,3047.606322438084
HUN,62T63,5285.203364881014
HUN,64T66,8533.767140531374
HUN,68,15433.862706607582
HUN,69T75,13198.101171084008
HUN,77T82,9123.001595312964
HUN,84,15619.523626248656
HUN,85,7780.287670630819
HUN,86T88,9944.177739969153
HUN,90T93,4152.812101155706
HUN,94T98,3375.348789652633
IDN,01T02,142726.12024378567
IDN,03,30116.12812830398
IDN,05T06,106558.08837243219
IDN,07T08,38835.270669113284
IDN,10T12,160201.6107886231
IDN,13T15,52239.546619367786
IDN,16,15897.460322644813
IDN,17T18,25618.773165747312
IDN,19,92056.92478884399
IDN,20,39817.21153160387
IDN,21,4573.236597340777
IDN,22,29438.83278968909
IDN,23,16427.662402310343
IDN,24,24858.83037096511
IDN,25,51306.886969260806
IDN,26,18783.783262480978
IDN,27,14526.993332869479
IDN,28,11570.566639911607
IDN,29T30,47097.13779360306
IDN,31T33,11950.726926741654
IDN,35,44407.0785933467
IDN,36T39,1465.1212148260047
IDN,41T43,258309.82966978668
IDN,45T47,196028.29813640745
IDN,49,39272.114890924524
IDN,50,12019.048286831865
IDN,51,30571.056088404992
IDN,52,9510.529017357268
IDN,53,2355.990415575256
IDN,55T56,63174.08472241825
IDN,58T60,14179.900369554382
IDN,61,35693.57110474182
IDN,62T63,8789.21447723914
IDN,64T66,48486.445214060805
IDN,68,34402.4879175103
IDN,69T75,4483.717879082316
IDN,77T82,19983.80009297958
IDN,84,60053.710982221455
IDN,85,44657.76286675723
IDN,86T88,21408.437888379558
IDN,90T93,6790.72321470438
IDN,94T98,18020.038502640688
IND,01T02,529787.477801929
IND,03,34079.43202838491
IND,05T06,77140.07191984191
IND,07T08,26745.81703525102
IND,10T12,271599.34119052865
IND,13T15,185748.51944259295
IND,16,17407.802222187798
IND,17T18,35044.331029954614
IND,19,169797.89967783206
IND,20,123396.29175309178
IND,21,61040.763508404285
IND,22,58825.61511463515
IND,23,74814.85102989769
IND,24,175911.13500569656
IND,25,57566.95927786477
IND,26,37619.56685847462
IND,27,57983.32070509506
IND,28,82643.2049785124
IND,29T30,166768.18133741835
IND,31T33,70533.24294801473
IND,35,139145.38664526615
IND,36T39,28113.58300004599
IND,41T43,533883.6062761359
IND,45T47,369880.44104410755
IND,49,203993.6653512852
IND,50,3871.6826984288246
IND,51,18845.67664739002
IND,52,45902.23827227561
IND,53,7933.310687280866
IND,55T56,73894.8292463735
IND,58T60,28045.8402929456
IND,61,62995.17029592722
IND,62T63,159693.00756757267
IND,64T66,206795.10157856008
IND,68,215528.7570851163
IND,69T75,22934.767550632376
IND,77T82,177684.83796024663
IND,84,209750.08558399166
IND,85,132405.33046191052
IND,86T88,70746.33809498658
IND,90T93,13549.990609924233
IND,94T98,79229.26223980442
IRL,01T02,10774.094032889418
IRL,03,510.10865733213893
IRL,05T06,282.0212152921563
IRL,07T08,1940.2890689435233
IRL,10T12,34355.509200131135
IRL,13T15,445.1167488525266
IRL,16,1352.3652892463197
IRL,17T18,1614.645032623262
IRL,19,16907.89962529488
IRL,20,48430.550953984435
IRL,21,95729.56219917737
IRL,22,2453.8616822485487
IRL,23,3278.125376467303
IRL,24,1404.9291354639447
IRL,25,3558.982704315017
IRL,26,28293.329065120342
IRL,27,1632.6033752228714
IRL,28,7201.05518561729
IRL,29T30,4679.124464238301
IRL,31T33,32241.462864980844
IRL,35,9605.04351638851
IRL,36T39,3327.914980329547
IRL,41T43,31193.53444930038
IRL,45T47,52016.30320791552
IRL,49,4259.38517793121
IRL,50,717.2898006529476
IRL,51,5004.008926273596
IRL,52,3572.730656773
IRL,53,1400.0818031771507
IRL,55T56,10523.452845711965
IRL,58T60,41128.08074294432
IRL,61,5957.709685944807
IRL,62T63,90285.4189592969
IRL,64T66,60010.13290933777
IRL,68,29333.785011975466
IRL,69T75,28882.23582258972
IRL,77T82,38632.27549346229
IRL,84,18901.08655271375
IRL,85,11408.851600267304
IRL,86T88,22491.764432375723
IRL,90T93,5095.738622198377
IRL,94T98,4771.207598552426
ISL,01T02,532.2736050935532
ISL,03,1395.4951550633373
ISL,05T06,8.02705768769299
ISL,07T08,58.969574887080455
ISL,10T12,3497.2395715660705
ISL,13T15,77.15203623163552
ISL,16,36.96713735100365
ISL,17T18,119.2707776546434
ISL,19,5.777633935911295
ISL,20,104.49716460563563
ISL,21,19.9611457532879
ISL,22,77.29236063915931
ISL,23,305.30428885411624
ISL,24,2169.8017158448993
ISL,25,354.8758944636649
ISL,26,26.589152828463334
ISL,27,101.11233515656306
ISL,28,419.4150424765746
ISL,29T30,24.133381415602116
ISL,31T33,643.8562313666705
ISL,35,1391.1668116231567
ISL,36T39,380.5149162282988
ISL,41T43,4485.335645951112
ISL,45T47,3510.841498248651
ISL,49,629.9604692819333
ISL,50,683.2712060937038
ISL,51,2749.822901037227
ISL,52,759.1934235191586
ISL,53,124.38760175707371
ISL,55T56,1923.5319879042324
ISL,58T60,331.0863315110205
ISL,61,650.8992060251993
ISL,62T63,1178.5156133700357
ISL,64T66,2204.3657748082433
ISL,68,3810.8348762906985
ISL,69T75,1719.4254204811496
ISL,77T82,2184.739369046393
ISL,84,1980.9439535445058
ISL,85,2282.019840451102
ISL,86T88,3385.981167867383
ISL,90T93,582.2163719622549
ISL,94T98,650.7698720679304
ISR,01T02,9825.838834780137
ISR,03,635.5034237711384
ISR,05T06,562.0670454287581
ISR,07T08,3682.594404555709
ISR,10T12,15761.12830289359
ISR,13T15,1970.85950251404
ISR,16,513.6557637327905
ISR,17T18,3132.4768980026256
ISR,19,14378.10318767186
ISR,20,9464.597844852422
ISR,21,7688.936043156586
ISR,22,4769.701540083203
ISR,23,3951.941100663356
ISR,24,2232.6564666162603
ISR,25,6406.642199968182
ISR,26,20272.225352396064
ISR,27,1459.1913144248726
ISR,28,4814.280834068001
ISR,29T30,8451.330348675609
ISR,31T33,8231.444187051318
ISR,35,13160.565909480705
ISR,36T39,1602.4784436447912
ISR,41T43,45052.862066042086
ISR,45T47,48629.04971887773
ISR,49,12385.80752454651
ISR,50,2953.7071376277127
ISR,51,7983.801025197542
ISR,52,2256.88897777515
ISR,53,1212.4269975012066
ISR,55T56,16081.053728207591
ISR,58T60,3917.5908620561145
ISR,61,8237.634515761623
ISR,62T63,27685.08832323616
ISR,64T66,29146.447290058946
ISR,68,59386.82243374797
ISR,69T75,49978.99832063545
ISR,77T82,14627.288355740482
ISR,84,38601.77227355211
ISR,85,27528.996550197106
ISR,86T88,34523.64525469484
ISR,90T93,7417.508430488185
ISR,94T98,10337.442011838819
ITA,01T02,69916.60682098361
ITA,03,2052.850275954075
ITA,05T06,10070.40224763267
ITA,07T08,1642.7498706301317
ITA,10T12,169457.2590999187
ITA,13T15,100880.28196420713
ITA,16,16738.81593629075
ITA,17T18,40095.49955589288
ITA,19,59490.98589578777
ITA,20,65032.840789753485
ITA,21,33256.739308945485
ITA,22,52547.327198015046
ITA,23,35149.43191832534
ITA,24,73859.4955497099
ITA,25,107353.86425902852
ITA,26,26439.965486525205
ITA,27,48258.499786681685
ITA,28,154182.68367415946
ITA,29T30,117468.98132595449
ITA,31T33,77887.09039218686
ITA,35,104889.30115343121
ITA,36T39,49032.34671382949
ITA,41T43,228779.7510833997
ITA,45T47,429204.3560095586
ITA,49,114825.44324958842
ITA,50,15020.107583214523
ITA,51,11413.851444988108
ITA,52,87501.25139123038
ITA,53,8303.298564809016
ITA,55T56,140040.90035327818
ITA,58T60,28484.553177876005
ITA,61,45020.28441647375
ITA,62T63,71873.11174274629
ITA,64T66,164371.0156089498
ITA,68,289888.49516121356
ITA,69T75,203032.83325769234
ITA,77T82,132216.92815064895
ITA,84,177837.55775404646
ITA,85,93166.6179305831
ITA,86T88,193289.98971081982
ITA,90T93,53137.76731720648
ITA,94T98,75582.03801862693
JPN,01T02,98186.08688309928
JPN,03,13222.326793558044
JPN,05T06,2827.3867931672116
JPN,07T08,4285.245235356803
JPN,10T12,307157.051902137
JPN,13T15,34151.60572611795
JPN,16,21113.41643806387
JPN,17T18,107964.61283754435
JPN,19,162735.8067216905
JPN,20,194212.9016448065
JPN,21,77244.2367448167
JPN,22,126263.49637507414
JPN,23,55687.05307603163
JPN,24,343425.6469348779
JPN,25,110336.009883626
JPN,26,187484.06385330134
JPN,27,162790.99976598617
JPN,28,336238.04975865176
JPN,29T30,525041.1857761575
JPN,31T33,161232.67664954884
JPN,35,233615.52224297263
JPN,36T39,87333.20579009679
JPN,41T43,560316.3953012574
JPN,45T47,1013196.1027791916
JPN,49,223002.3567239942
JPN,50,41620.408444163055
JPN,51,29433.261929512293
JPN,52,104356.63446656633
JPN,53,13744.2963955333
JPN,55T56,273870.99376252765
JPN,58T60,105110.08860942042
JPN,61,188239.4080592183
JPN,62T63,182168.1670125282
JPN,64T66,308183.81642630755
JPN,68,678198.1513932643
JPN,69T75,346301.74007323
JPN,77T82,240624.39277355516
JPN,84,340930.5078299616
JPN,85,197179.34478081786
JPN,86T88,547739.4201402767
JPN,90T93,74916.86564623404
JPN,94T98,107585.30490718305
KAZ,01T02,12894.326194720743
KAZ,03,357.1485308735345
KAZ,05T06,32663.314538999675
KAZ,07T08,8768.090527828046
KAZ,10T12,9399.150969710767
KAZ,13T15,527.9608872128066
KAZ,16,96.71720595152311
KAZ,17T18,424.9028140228725
KAZ,19,4272.781401316204
KAZ,20,1366.3018309682998
KAZ,21,612.4195416141285
KAZ,22,760.626943007251
KAZ,23,2036.513301924183
KAZ,24,14331.248743169554
KAZ,25,973.3385756800452
KAZ,26,151.8942427080538
KAZ,27,495.2452807937635
KAZ,28,483.9794736400386
KAZ,29T30,751.5923248813074
KAZ,31T33,1772.7798857335833
KAZ,35,5474.496720860106
KAZ,36T39,784.9963572434658
KAZ,41T43,21633.682893321216
KAZ,45T47,39339.51242137201
KAZ,49,18036.840890698993
KAZ,50,294.66581154455554
KAZ,51,1230.769541607447
KAZ,52,3178.103262628889
KAZ,53,228.778138189077
KAZ,55T56,3216.661929686037
KAZ,58T60,1023.5042147070731
KAZ,61,3481.215053475941
KAZ,62T63,895.9056813583879
KAZ,64T66,8983.482518661576
KAZ,68,17693.151524460816
KAZ,69T75,14248.312302925151
KAZ,77T82,6108.31789515191
KAZ,84,10760.81806558324
KAZ,85,11973.347571002794
KAZ,86T88,14059.172012348237
KAZ,90T93,4097.128643647425
KAZ,94T98,9988.99628699238
KHM,01T02,5450.055234974041
KHM,03,1900.3049804270718
KHM,05T06,91.21753005345194
KHM,07T08,408.43464790085915
KHM,10T12,1973.812458047785
KHM,13T15,10126.789966421264
KHM,16,1217.9254166848723
KHM,17T18,278.29770150365596
KHM,19,250.97969725577326
KHM,20,131.2513537489578
KHM,21,48.78438042950845
KHM,22,429.68182029880546
KHM,23,83.3429474308953
KHM,24,308.66197297600064
KHM,25,307.6430762756312
KHM,26,454.20977485247784
KHM,27,195.78150488121014
KHM,28,216.57472853481892
KHM,29T30,594.886349853901
KHM,31T33,271.44280568388535
KHM,35,488.933140841238
KHM,36T39,364.85953541436345
KHM,41T43,3325.2111485605715
KHM,45T47,3277.2807730413124
KHM,49,994.1582399814945
KHM,50,190.43486910299174
KHM,51,239.52031320148228
KHM,52,525.3435436299218
KHM,53,226.2185542976735
KHM,55T56,2293.8943440245084
KHM,58T60,242.4365783913252
KHM,61,693.6098689684545
KHM,62T63,162.6922741130747
KHM,64T66,440.83245517233604
KHM,68,1282.4238088427471
KHM,69T75,474.4865338658667
KHM,77T82,350.0940435512272
KHM,84,630.9108953598144
KHM,85,442.22913290538
KHM,86T88,739.8492039198011
KHM,90T93,316.986717529813
KHM,94T98,435.4974259739103
KOR,01T02,49280.81930417928
KOR,03,7937.5622285230365
KOR,05T06,473.65949900972424
KOR,07T08,3632.856977642812
KOR,10T12,113119.35994519384
KOR,13T15,70332.85870318158
KOR,16,7928.980848882329
KOR,17T18,35526.71211506173
KOR,19,122001.10036935465
KOR,20,156663.58754786837
KOR,21,20430.978726381192
KOR,22,75664.99136339835
KOR,23,39861.380022585414
KOR,24,137411.82229958256
KOR,25,92387.21252552411
KOR,26,315223.17236386955
KOR,27,90071.27849750455
KOR,28,134106.71081497573
KOR,29T30,221541.27922524614
KOR,31T33,32086.295118888756
KOR,35,88817.41490932964
KOR,36T39,18818.61944378235
KOR,41T43,234149.08670428017
KOR,45T47,240708.81152802263
KOR,49,56342.47344357011
KOR,50,19462.928060584345
KOR,51,19964.512299323185
KOR,52,36476.92988020485
KOR,53,8256.80143321282
KOR,55T56,133326.3883629801
KOR,58T60,50668.02749017131
KOR,61,39108.591724160564
KOR,62T63,45512.18201471618
KOR,64T66,164084.69326727826
KOR,68,177037.34759690106
KOR,69T75,197776.93385135208
KOR,77T82,84187.04255543613
KOR,84,140188.40352939576
KOR,85,119266.09620217123
KOR,86T88,139569.34577167383
KOR,90T93,34208.4477366413
KOR,94T98,49796.29067248771
LAO,01T02,4842.839953019206
LAO,03,719.155657829534
LAO,05T06,258.54686800694753
LAO,07T08,2116.390639963874
LAO,10T12,1826.1555945150917
LAO,13T15,628.2969770996694
LAO,16,551.7206001535843
LAO,17T18,14.480715675210146
LAO,19,209.58155391373236
LAO,20,85.78221238336235
LAO,21,37.42418926703742
LAO,22,48.94124336062235
LAO,23,420.59048806559963
LAO,24,1547.838393310481
LAO,25,181.46667001606642
LAO,26,20.986093934811002
LAO,27,14.38563196570995
LAO,28,0.9093879644676606
LAO,29T30,10.669207917991887
LAO,31T33,305.6370827362243
LAO,35,1899.897978953648
LAO,36T39,88.74877203678321
LAO,41T43,5191.575694556005
LAO,45T47,4603.609699487309
LAO,49,741.4338044923134
LAO,50,148.0192981285686
LAO,51,78.5565712524117
LAO,52,56.95848609707673
LAO,53,90.91047471578274
LAO,55T56,1351.988977453991
LAO,58T60,142.9386121206127
LAO,61,482.4635608173038
LAO,62T63,178.37052880963157
LAO,64T66,1474.6097304454897
LAO,68,1321.1558583307465
LAO,69T75,403.19046582669665
LAO,77T82,230.0257399038926
LAO,84,3602.574195108715
LAO,85,432.81791456923446
LAO,86T88,149.44237297576825
LAO,90T93,133.84571368013428
LAO,94T98,445.1665381556927
LTU,01T02,3896.5683350663676
LTU,03,102.73756999124448
LTU,05T06,190.8414799734045
LTU,07T08,104.23119080722125
LTU,10T12,5113.98681531994
LTU,13T15,1264.4800347850019
LTU,16,1580.1649412375014
LTU,17T18,983.2796426408511
LTU,19,5556.7482036605925
LTU,20,2613.6479310141917
LTU,21,162.90476883450665
LTU,22,1361.1172921280097
LTU,23,742.8698279461922
LTU,24,89.72555834103427
LTU,25,1316.3442657619767
LTU,26,495.4308155985849
LTU,27,473.1181846811001
LTU,28,632.9492694723912
LTU,29T30,829.7887995399535
LTU,31T33,3497.57045605618
LTU,35,2310.947884868534
LTU,36T39,910.6045341318513
LTU,41T43,6302.740453854092
LTU,45T47,11775.421404155697
LTU,49,8083.952281682807
LTU,50,186.28978363382674
LTU,51,580.7149592508626
LTU,52,2970.228058298846
LTU,53,208.26948085096492
LTU,55T56,1420.486539112233
LTU,58T60,790.0056036010645
LTU,61,931.77876266233
LTU,62T63,1658.41818380676
LTU,64T66,1806.637559000967
LTU,68,4409.356923721686
LTU,69T75,3236.518512279643
LTU,77T82,2825.3369019350143
LTU,84,3865.268845644089
LTU,85,2564.437488959855
LTU,86T88,2801.904400154535
LTU,90T93,923.8728196558279
LTU,94T98,750.7696028124853
LVA,01T02,3296.6046574152733
LVA,03,67.1966835530494
LVA,05T06,4.633919593219309
LVA,07T08,330.0074030452838
LVA,10T12,2504.941739306599
LVA,13T15,380.9886367679327
LVA,16,3091.366046909246
LVA,17T18,416.47348991536364
LVA,19,2.8574259913911666
LVA,20,402.3973263086285
LVA,21,231.92204254041314
LVA,22,295.43952401864556
LVA,23,678.8208664711683
LVA,24,82.92796319350124
LVA,25,851.1107990479986
LVA,26,405.4270954115773
LVA,27,341.96015865185194
LVA,28,280.64318259412727
LVA,29T30,418.67158641969297
LVA,31T33,727.1848430676139
LVA,35,2307.0608322989992
LVA,36T39,530.6812307742327
LVA,41T43,7033.006845299274
LVA,45T47,7380.18572106904
LVA,49,3037.374166976693
LVA,50,126.75978647011061
LVA,51,813.1696733123524
LVA,52,3841.8321226741496
LVA,53,222.2569970026102
LVA,55T56,1247.0717651318719
LVA,58T60,341.4045672153268
LVA,61,1094.1887551874402
LVA,62T63,1522.680743636884
LVA,64T66,1967.1773943000367
LVA,68,4898.219344172348
LVA,69T75,2267.006466788974
LVA,77T82,1868.1833455223966
LVA,84,3112.10693316665
LVA,85,1876.597093188087
LVA,86T88,1656.9481539977455
LVA,90T93,1008.9134442694618
LVA,94T98,545.0901973853863
MAR,01T02,20932.07825787253
MAR,03,1536.6974674405983
MAR,05T06,841.2876080312263
MAR,07T08,3532.263038018386
MAR,10T12,21243.570891256473
MAR,13T15,6223.234705977635
MAR,16,497.89076509074596
MAR,17T18,1048.5123923537185
MAR,19,17.009923986509488
MAR,20,6660.2899665116765
MAR,21,1995.156892742592
MAR,22,943.951315287344
MAR,23,3215.1778455643725
MAR,24,1994.148900961353
MAR,25,2333.9631299946614
MAR,26,805.7706290107233
MAR,27,3521.95698010413
MAR,28,293.77157467983454
MAR,29T30,4947.195896162149
MAR,31T33,1303.827899077487
MAR,35,4586.278591235087
MAR,36T39,714.2263221717288
MAR,41T43,13987.169301760307
MAR,45T47,13757.620945454462
MAR,49,3819.436665278042
MAR,50,794.7962974925458
MAR,51,1390.5184294943729
MAR,52,1991.7734857482967
MAR,53,706.4132814256554
MAR,55T56,4067.8621709719287
MAR,58T60,1187.828647114572
MAR,61,2805.5876206062867
MAR,62T63,1366.9382343725497
MAR,64T66,7181.685674417
MAR,68,5986.8999614209215
MAR,69T75,3871.9900134990844
MAR,77T82,2125.8250313866433
MAR,84,14592.322706972995
MAR,85,9846.050624919535
MAR,86T88,4827.731850522847
MAR,90T93,516.7138615061345
MAR,94T98,1201.4067231246909
MEX,01T02,61729.83537299243
MEX,03,2457.3561632502533
MEX,05T06,54766.001521268015
MEX,07T08,18652.86093405436
MEX,10T12,141805.91114086917
MEX,13T15,21504.052851238775
MEX,16,4329.465004088292
MEX,17T18,17785.322606260677
MEX,19,50282.031730023315
MEX,20,43634.35867705009
MEX,21,14006.110568738615
MEX,22,21662.080033467842
MEX,23,19557.468110866557
MEX,24,43472.097789593274
MEX,25,26503.038862550377
MEX,26,86322.99121625783
MEX,27,27631.29732405558
MEX,28,25293.256576942356
MEX,29T30,188424.24883298072
MEX,31T33,22433.65191561111
MEX,35,31652.89165933166
MEX,36T39,7489.296572888467
MEX,41T43,152844.26941937546
MEX,45T47,286862.4688235775
MEX,49,100266.03392913015
MEX,50,1717.9997576917112
MEX,51,12379.451735241
MEX,52,16033.863911675893
MEX,53,3005.8724200558945
MEX,55T56,41570.27937540213
MEX,58T60,9787.132580166803
MEX,61,23368.598708229092
MEX,62T63,2807.2568888024107
MEX,64T66,74745.18564732399
MEX,68,126979.65034199828
MEX,69T75,39117.76328461863
MEX,77T82,55107.12075038338
MEX,84,70195.96264173705
MEX,85,50950.81920192942
MEX,86T88,41760.753900976604
MEX,90T93,7868.788148699031
MEX,94T98,19481.254154755086
MLT,01T02,172.34365225676487
MLT,03,321.26072479137144
MLT,05T06,38.436291292237634
MLT,07T08,32.537955827020376
MLT,10T12,559.7479794389396
MLT,13T15,46.72412290933659
MLT,16,24.18819300954867
MLT,17T18,230.1463941023177
MLT,19,0.6907469696709815
MLT,20,37.07328650021753
MLT,21,198.4868451241852
MLT,22,166.4450851471403
MLT,23,195.4782837584023
MLT,24,1.2715949326034677
MLT,25,178.42259050520707
MLT,26,671.4504233304476
MLT,27,70.8512035072873
MLT,28,42.90370459749184
MLT,29T30,200.54874922782435
MLT,31T33,633.9598714357288
MLT,35,847.2956851360734
MLT,36T39,236.445265448472
MLT,41T43,1562.8456027331713
MLT,45T47,2060.451671207664
MLT,49,419.67262483211505
MLT,50,301.80790090983635
MLT,51,627.9042856099244
MLT,52,1306.4327430724675
MLT,53,242.90848657185674
MLT,55T56,1600.2720080459733
MLT,58T60,292.5271652060681
MLT,61,685.0360831659525
MLT,62T63,1411.9936343123652
MLT,64T66,7228.772741404145
MLT,68,1078.5274331261191
MLT,69T75,3030.0721923516016
MLT,77T82,2017.0949406651268
MLT,84,1150.7277489959265
MLT,85,815.5254446634161
MLT,86T88,1177.209641106107
MLT,90T93,8085.824769459666
MLT,94T98,238.34821523713333
MMR,01T02,51419.15166435949
MMR,03,10051.265857384305
MMR,05T06,4987.815002342276
MMR,07T08,2105.290778688962
MMR,10T12,12554.275815425462
MMR,13T15,7823.271625974505
MMR,16,1176.2297943976528
MMR,17T18,1171.5649919371083
MMR,19,2936.3412007297034
MMR,20,1646.9724247498345
MMR,21,726.3461969330629
MMR,22,1067.405305584967
MMR,23,1506.3433275157242
MMR,24,1832.3513174538932
MMR,25,1242.3175211264906
MMR,26,1201.5976067214633
MMR,27,844.4782823686637
MMR,28,1026.7743851992966
MMR,29T30,1934.7988464598243
MMR,31T33,1947.647143517905
MMR,35,890.5609417936521
MMR,36T39,170.5333848910701
MMR,41T43,7317.903788419911
MMR,45T47,11549.872631269554
MMR,49,3506.0274607147394
MMR,50,1548.7342078457837
MMR,51,1300.9503785515449
MMR,52,1168.0952517989429
MMR,53,182.88771041627683
MMR,55T56,4063.3851965344065
MMR,58T60,804.6602738033349
MMR,61,2891.167739410871
MMR,62T63,444.5329926416653
MMR,64T66,3034.477530497017
MMR,68,3369.3576075667906
MMR,69T75,2304.334731943963
MMR,77T82,1451.7042495698927
MMR,84,4292.839464626079
MMR,85,2329.5865507681006
MMR,86T88,3310.252611650141
MMR,90T93,625.3825237792138
MMR,94T98,1106.6085031427046
NLD,01T02,36742.59678631878
NLD,03,679.3808262540751
NLD,05T06,11807.118283684777
NLD,07T08,1322.5747155506917
NLD,10T12,84603.92639222952
NLD,13T15,4358.776710556605
NLD,16,3943.2104159060536
NLD,17T18,13180.22180083519
NLD,19,34851.536709420856
NLD,20,61779.298232548535
NLD,21,6772.796634464902
NLD,22,10969.31573358148
NLD,23,7398.480710982795
NLD,24,10847.914324294172
NLD,25,25159.270155111208
NLD,26,39079.57349824847
NLD,27,8855.297333162092
NLD,28,38839.1053384966
NLD,29T30,28524.656733786003
NLD,31T33,23945.256293207414
NLD,35,20812.166635956168
NLD,36T39,13306.292428650642
NLD,41T43,126580.79068969056
NLD,45T47,201678.05456412988
NLD,49,36252.32193076465
NLD,50,10823.400589590212
NLD,51,14523.808262220387
NLD,52,29083.80347065606
NLD,53,7496.535662372622
NLD,55T56,34842.19813496998
NLD,58T60,22286.49312649846
NLD,61,17114.093639620267
NLD,62T63,55681.21320017024
NLD,64T66,96503.59699324699
NLD,68,108817.66657564089
NLD,69T75,136729.4797098647
NLD,77T82,98962.24926376661
NLD,84,93050.66137938904
NLD,85,52137.22654968421
NLD,86T88,104608.30694310211
NLD,90T93,18610.59920031993
NLD,94T98,16901.96162002992
NOR,01T02,5869.809461862078
NOR,03,12989.505456105233
NOR,05T06,92132.00792848943
NOR,07T08,1871.275103565432
NOR,10T12,28135.52106591461
NOR,13T15,1196.4583968152735
NOR,16,3774.7057090865133
NOR,17T18,2917.5699496428497
NOR,19,8572.312379249932
NOR,20,6642.714152941198
NOR,21,2003.8873147623606
NOR,22,1593.0459351804577
NOR,23,4596.79086809398
NOR,24,11861.715114324144
NOR,25,5636.613169658606
NOR,26,2697.055486146223
NOR,27,2775.479635080781
NOR,28,5928.6205268196445
NOR,29T30,8511.961030661338
NOR,31T33,6841.526673487738
NOR,35,13232.883038904027
NOR,36T39,6979.267503238335
NOR,41T43,74927.86991615238
NOR,45T47,55620.679009080864
NOR,49,13827.060849419931
NOR,50,18854.047202782625
NOR,51,5342.8895415633815
NOR,52,10393.022926926977
NOR,53,2090.3978567374847
NOR,55T56,11888.380059091238
NOR,58T60,8421.538337653312
NOR,61,8792.583028248688
NOR,62T63,14123.348419877802
NOR,64T66,27725.54325595977
NOR,68,45621.58795332414
NOR,69T75,31761.573442963927
NOR,77T82,21061.443196741442
NOR,84,43243.25028251189
NOR,85,24974.077702708964
NOR,86T88,54357.313463417486
NOR,90T93,7642.8736559693425
NOR,94T98,7100.497087090029
NZL,01T02,23178.988585553736
NZL,03,4172.2852265630445
NZL,05T06,2846.2791345436353
NZL,07T08,1106.7007387510732
NZL,10T12,33312.35405118151
NZL,13T15,1438.9742010084983
NZL,16,3806.9916383060395
NZL,17T18,3287.642355996526
NZL,19,5623.368612119217
NZL,20,2665.0638180220176
NZL,21,715.4155969579576
NZL,22,2483.054616896751
NZL,23,2209.252622793215
NZL,24,2581.273543470666
NZL,25,4486.451183911486
NZL,26,1637.4845065154236
NZL,27,1242.013468135906
NZL,28,3136.9102435662426
NZL,29T30,2785.7840447547205
NZL,31T33,1311.155083739544
NZL,35,12415.945853523684
NZL,36T39,3014.5130569006596
NZL,41T43,46306.84959108863
NZL,45T47,34811.87414040368
NZL,49,7830.547650058181
NZL,50,830.4663235305223
NZL,51,4289.7412932853595
NZL,52,4790.759763911252
NZL,53,1662.100315445017
NZL,55T56,9817.18125469767
NZL,58T60,3352.5950826785265
NZL,61,2563.083225462568
NZL,62T63,3418.178902917365
NZL,64T66,20179.27563929048
NZL,68,40222.65942595372
NZL,69T75,27403.074179444964
NZL,77T82,12494.655518025833
NZL,84,13820.610706451538
NZL,85,12109.852681134125
NZL,86T88,19337.01489884432
NZL,90T93,5203.5837263114245
NZL,94T98,7058.979170918143
PER,01T02,17447.43341458759
PER,03,1472.4037653690343
PER,05T06,10010.791258712155
PER,07T08,18549.600658777505
PER,10T12,26824.420650326847
PER,13T15,7541.891613456053
PER,16,1474.1267021387753
PER,17T18,4278.689056141146
PER,19,10787.175817980793
PER,20,4771.0984075143015
PER,21,943.1240275233574
PER,22,3408.9611658939466
PER,23,5141.180735331514
PER,24,10157.91942590514
PER,25,3938.9300716559737
PER,26,202.95947789073918
PER,27,1081.9911284949337
PER,28,1935.523585454635
PER,29T30,1580.2583060767445
PER,31T33,5529.525960467801
PER,35,5142.559061184576
PER,36T39,1240.8438536376775
PER,41T43,28882.960444010565
PER,45T47,32895.63130005427
PER,49,18253.25911662005
PER,50,499.64557138608075
PER,51,2660.5265708011116
PER,52,5397.550602833978
PER,53,496.5442448066601
PER,55T56,16435.927549501655
PER,58T60,2243.5809201657507
PER,61,6767.957855274285
PER,62T63,830.4454033837485
PER,64T66,14233.007397542995
PER,68,10032.18628218646
PER,69T75,9127.66328924228
PER,77T82,7902.325570371928
PER,84,18401.429931990773
PER,85,11955.657294845243
PER,86T88,8234.84831258821
PER,90T93,2027.3976712579108
PER,94T98,6040.781021906187
PHL,01T02,52431.97070393758
PHL,03,8725.765871188803
PHL,05T06,2305.700535118574
PHL,07T08,3298.5321001934917
PHL,10T12,84552.26720859337
PHL,13T15,11612.744768621944
PHL,16,2185.086687214549
PHL,17T18,3412.8555466881703
PHL,19,15321.24506541561
PHL,20,8475.181421969919
PHL,21,1636.1462796842516
PHL,22,3220.4644461110433
PHL,23,5235.223296312662
PHL,24,7257.015617480884
PHL,25,3214.456548702951
PHL,26,35355.79387426922
PHL,27,7810.001863535431
PHL,28,1819.4246277245302
PHL,29T30,7399.192858573476
PHL,31T33,3950.837699854726
PHL,35,20755.123062569757
PHL,36T39,2259.7401610405645
PHL,41T43,29205.85719131292
PHL,45T47,86987.22014012688
PHL,49,15227.02747000353
PHL,50,2083.018281247013
PHL,51,4989.853700819239
PHL,52,4130.407395563992
PHL,53,398.33546592042876
PHL,55T56,26072.58647070525
PHL,58T60,4003.096078636947
PHL,61,8339.114876659816
PHL,62T63,8192.842966412201
PHL,64T66,39514.78248306514
PHL,68,21842.26383735264
PHL,69T75,4893.701366471495
PHL,77T82,16715.022664878426
PHL,84,19401.352697022943
PHL,85,14011.527805177633
PHL,86T88,5789.283691309156
PHL,90T93,8954.902758251312
PHL,94T98,14061.735458402556
POL,01T02,36469.3579004595
POL,03,205.16554756123895
POL,05T06,8545.293904053353
POL,07T08,7381.756856448522
POL,10T12,73890.61764989077
POL,13T15,8962.773045046628
POL,16,12222.995315586133
POL,17T18,17900.904177850403
POL,19,24349.08381775889
POL,20,18939.745263658304
POL,21,4056.242480769181
POL,22,27741.09929093247
POL,23,17744.745769729147
POL,24,18280.541236483994
POL,25,34397.76701429972
POL,26,11343.358286313025
POL,27,18107.177258653006
POL,28,15393.232600353698
POL,29T30,50309.58957893911
POL,31T33,29847.576601391702
POL,35,30872.29699785261
POL,36T39,13045.041979788151
POL,41T43,110598.0894424225
POL,45T47,151433.51480990084
POL,49,58081.98507586072
POL,50,787.6159175640928
POL,51,3907.7306350079734
POL,52,25097.033024224533
POL,53,3033.5053847164972
POL,55T56,15703.334422769887
POL,58T60,10253.018144024707
POL,61,12665.997891638202
POL,62T63,21703.250839623863
POL,64T66,38207.866194404705
POL,68,47377.46615135887
POL,69T75,56506.642083395614
POL,77T82,28682.20291287743
POL,84,36752.602673364505
POL,85,31040.361129343702
POL,86T88,41751.33323324626
POL,90T93,9242.141606807274
POL,94T98,12605.638810226988
PRT,01T02,9924.608152329612
PRT,03,674.073437309176
PRT,05T06,75.68116771883982
PRT,07T08,1483.244544754558
PRT,10T12,21078.889802576075
PRT,13T15,13608.452468483929
PRT,16,4121.477163770599
PRT,17T18,6668.766492727206
PRT,19,9002.345656673833
PRT,20,5573.231123650699
PRT,21,1586.8326723874682
PRT,22,5020.238048679617
PRT,23,5023.634624451195
PRT,24,3471.8377805722102
PRT,25,8118.460570599314
PRT,26,2965.573486517128
PRT,27,3101.2852874604732
PRT,28,3282.575141043366
PRT,29T30,13686.648206851056
PRT,31T33,6120.07340765847
PRT,35,18819.473833756525
PRT,36T39,5325.937551151394
PRT,41T43,24099.579515579324
PRT,45T47,48516.56117974421
PRT,49,9881.149813951972
PRT,50,651.9377026201248
PRT,51,5722.986978959012
PRT,52,9118.62396698623
PRT,53,1184.4043514808084
PRT,55T56,22203.926980370994
PRT,58T60,2930.5119166428804
PRT,61,6257.927145985346
PRT,62T63,5984.93798113663
PRT,64T66,17238.038596788854
PRT,68,29980.631132826336
PRT,69T75,16990.04921625972
PRT,77T82,13108.07093648741
PRT,84,19122.43461317676
PRT,85,13702.724367307419
PRT,86T88,22652.437525993748
PRT,90T93,3993.885879643924
PRT,94T98,5971.136856053084
ROU,01T02,21220.954105509543
ROU,03,637.2409467047173
ROU,05T06,3087.606810570996
ROU,07T08,421.5534749902244
ROU,10T12,26686.680247515433
ROU,13T15,7512.96657004071
ROU,16,4216.022177681644
ROU,17T18,2646.769612920134
ROU,19,10622.345563048948
ROU,20,4058.786093571276
ROU,21,679.5014448405799
ROU,22,6497.436616265406
ROU,23,4046.5791984997363
ROU,24,6873.193952724228
ROU,25,6062.574731873688
ROU,26,3230.1697823905865
ROU,27,7343.648907774486
ROU,28,5549.633715053218
ROU,29T30,26212.980080716035
ROU,31T33,6701.244446690025
ROU,35,16835.664403712835
ROU,36T39,4392.558709314017
ROU,41T43,36090.55357621086
ROU,45T47,53800.45352939417
ROU,49,26412.376350898317
ROU,50,734.946426453138
ROU,51,1603.7361822563962
ROU,52,6244.124370027562
ROU,53,1212.0938227788693
ROU,55T56,9063.670666258236
ROU,58T60,3481.008222538192
ROU,61,6534.658936213412
ROU,62T63,12133.295743002405
ROU,64T66,8646.730593576505
ROU,68,23031.23682979128
ROU,69T75,24683.08037627335
ROU,77T82,10974.842136849797
ROU,84,15821.312554369159
ROU,85,10236.261234461741
ROU,86T88,16704.295983344564
ROU,90T93,6204.463479106614
ROU,94T98,7570.6761235304975
ROW,01T02,1029296.2035342057
ROW,03,81684.11428321112
ROW,05T06,1125627.1663855414
ROW,07T08,191196.6680660459
ROW,10T12,588551.7549385049
ROW,13T15,264339.4969981585
ROW,16,40335.822068892936
ROW,17T18,75285.9113130996
ROW,19,292265.00628232036
ROW,20,172639.13207324944
ROW,21,61505.058080565825
ROW,22,71651.76129065591
ROW,23,114108.01856491921
ROW,24,182669.08482693884
ROW,25,78305.20956253164
ROW,26,64081.525662517975
ROW,27,60799.366906405776
ROW,28,75495.97591624627
ROW,29T30,127421.36292400167
ROW,31T33,92739.64533785859
ROW,35,243450.60228429828
ROW,36T39,57093.661091802176
ROW,41T43,770857.5272574974
ROW,45T47,902893.1862249523
ROW,49,267309.8025343404
ROW,50,71868.92484389506
ROW,51,78250.53525407535
ROW,52,85535.93338069969
ROW,53,20641.507189990443
ROW,55T56,243591.8344893644
ROW,58T60,103622.93548153827
ROW,61,198869.9814699478
ROW,62T63,72490.24451319562
ROW,64T66,299674.094638922
ROW,68,421461.6887435891
ROW,69T75,201572.55132763588
ROW,77T82,116905.98957152518
ROW,84,536805.8628730889
ROW,85,298925.97071563546
ROW,86T88,260199.91355295078
ROW,90T93,60338.54895476383
ROW,94T98,172175.57287074628
RUS,01T02,102818.71646492467
RUS,03,7559.687466122541
RUS,05T06,249146.56924595503
RUS,07T08,31295.536640652805
RUS,10T12,122872.97756314579
RUS,13T15,10431.469203760082
RUS,16,12737.979593681366
RUS,17T18,20420.490244988396
RUS,19,185142.1869427451
RUS,20,48973.649776578925
RUS,21,9343.511194223736
RUS,22,18649.90937850436
RUS,23,26517.285923166957
RUS,24,116288.15547131121
RUS,25,37585.52691130787
RUS,26,21070.492090726104
RUS,27,15248.408620015825
RUS,28,18539.478428784405
RUS,29T30,80210.65344262302
RUS,31T33,29215.186583201867
RUS,35,134943.94026457416
RUS,36T39,19845.871246078794
RUS,41T43,197192.28111878227
RUS,45T47,356933.79113446176
RUS,49,120162.42768835663
RUS,50,4288.667708925732
RUS,51,24098.46484244144
RUS,52,68652.27976071644
RUS,53,4384.882465638871
RUS,55T56,29057.423786556177
RUS,58T60,11182.469725031011
RUS,61,31557.6642233741
RUS,62T63,29579.528075048664
RUS,64T66,91312.0628420318
RUS,68,185767.91489577413
RUS,69T75,106737.12905655593
RUS,77T82,46611.92793138729
RUS,84,171958.87258055972
RUS,85,57866.60021524585
RUS,86T88,75839.65680841399
RUS,90T93,23536.625846553936
RUS,94T98,24460.971228676124
SAU,01T02,25162.689558226863
SAU,03,446.830368900117
SAU,05T06,234510.6848434649
SAU,07T08,3905.278314224013
SAU,10T12,29028.526967323472
SAU,13T15,7315.49558396191
SAU,16,2609.443155074405
SAU,17T18,8547.234363836467
SAU,19,53355.95302264099
SAU,20,53105.057871301724
SAU,21,1009.3323466238761
SAU,22,5724.683702377375
SAU,23,11939.272062497392
SAU,24,10612.258186706567
SAU,25,10372.419290156762
SAU,26,258.6740837902846
SAU,27,8034.437322274315
SAU,28,4142.97855194678
SAU,29T30,2248.289391919062
SAU,31T33,8107.363545809645
SAU,35,20872.694127288352
SAU,36T39,2936.776866355475
SAU,41T43,108487.39759694772
SAU,45T47,99091.7919581755
SAU,49,10182.182742617315
SAU,50,1928.5444545894165
SAU,51,14142.643265832534
SAU,52,9638.339812301903
SAU,53,723.165461051126
SAU,55T56,13898.745906860406
SAU,58T60,1601.000520848444
SAU,61,43237.675388684496
SAU,62T63,1715.1536994370633
SAU,64T66,33259.761850423296
SAU,68,58899.79575210474
SAU,69T75,21138.328384161017
SAU,77T82,38131.66760853305
SAU,84,81403.00537136085
SAU,85,56184.72022442833
SAU,86T88,38297.77813957837
SAU,90T93,6295.762368370091
SAU,94T98,13034.91428777984
SGP,01T02,39461.758153769
SGP,03,5039.657047563047
SGP,05T06,44265.560207245784
SGP,07T08,2989.6201313141282
SGP,10T12,79155.24705605641
SGP,13T15,7106.702803438777
SGP,16,8353.195202487952
SGP,17T18,12011.996621946058
SGP,19,88194.87043122812
SGP,20,79509.36500002598
SGP,21,10362.568180569231
SGP,22,22157.706876171484
SGP,23,13299.859070671902
SGP,24,15302.510546041949
SGP,25,18165.354964003862
SGP,26,172676.71100221586
SGP,27,13752.993040038302
SGP,28,33314.99268226375
SGP,29T30,41775.65202299398
SGP,31T33,20316.651883298207
SGP,35,24467.496656150626
SGP,36T39,7672.603547260591
SGP,41T43,104379.55953841636
SGP,45T47,218356.33554765242
SGP,49,17135.90084005591
SGP,50,56076.97346139424
SGP,51,21302.459257934977
SGP,52,31489.166173945774
SGP,53,3203.1984135782477
SGP,55T56,40631.074266920215
SGP,58T60,18706.25627030553
SGP,61,35581.91727100097
SGP,62T63,38979.07181012159
SGP,64T66,126141.88836156511
SGP,68,63618.883867435856
SGP,69T75,58539.32725620088
SGP,77T82,38405.63252069009
SGP,84,64100.01007065831
SGP,85,33846.40118404386
SGP,86T88,27757.841016435603
SGP,90T93,12601.693222779357
SGP,94T98,45999.087581102394
SVK,01T02,5163.490224642661
SVK,03,12.455772371244667
SVK,05T06,332.9057948691555
SVK,07T08,368.58184509790283
SVK,10T12,4673.510465691327
SVK,13T15,1831.343842908846
SVK,16,1878.067774019894
SVK,17T18,2176.135651100426
SVK,19,4206.835660062123
SVK,20,2130.1431389221625
SVK,21,204.72711686590117
SVK,22,5332.229639898814
SVK,23,2213.4779144268223
SVK,24,5890.117711802001
SVK,25,7968.323742031662
SVK,26,5237.058673446902
SVK,27,4417.467067896539
SVK,28,6178.453804837531
SVK,29T30,35118.96232735732
SVK,31T33,3556.3324797912583
SVK,35,12187.048534112939
SVK,36T39,1709.56795538528
SVK,41T43,18113.82554582531
SVK,45T47,21504.15882039223
SVK,49,8191.086219155317
SVK,50,45.1919539031319
SVK,51,349.9396333273794
SVK,52,5272.041963600359
SVK,53,792.0697739521936
SVK,55T56,2678.606962721497
SVK,58T60,1390.002772103221
SVK,61,2360.7449173310397
SVK,62T63,4808.449433555819
SVK,64T66,5694.439382234935
SVK,68,13135.97670627615
SVK,69T75,12781.821673985716
SVK,77T82,7307.891896045569
SVK,84,9301.517967034255
SVK,85,4548.947143555158
SVK,86T88,5683.917358352006
SVK,90T93,3957.874831773172
SVK,94T98,2028.7071896107227
SVN,01T02,2421.684460906793
SVN,03,16.52056466878329
SVN,05T06,156.33428296575786
SVN,07T08,236.75701740372375
SVN,10T12,2453.3187218590488
SVN,13T15,1008.8711105958721
SVN,16,1019.3740801537123
SVN,17T18,1451.1741699841436
SVN,19,5.546446989343213
SVN,20,1623.1154140252845
SVN,21,2719.9042617786613
SVN,22,2350.1776299217336
SVN,23,1095.4907664703908
SVN,24,3116.5373196275486
SVN,25,3921.486406959011
SVN,26,859.2338939796518
SVN,27,3673.428487912745
SVN,28,2523.494363589133
SVN,29T30,4645.908549055024
SVN,31T33,2159.3547488367585
SVN,35,2237.705988196438
SVN,36T39,1516.192704930514
SVN,41T43,8175.734228364248
SVN,45T47,10651.702472568762
SVN,49,4329.079608857342
SVN,50,69.74389835962381
SVN,51,436.1818997713407
SVN,52,2604.8351800610603
SVN,53,399.81795892913874
SVN,55T56,2472.1919439909993
SVN,58T60,773.083628842987
SVN,61,1384.9655920662635
SVN,62T63,1773.218568146435
SVN,64T66,3014.565965858804
SVN,68,4241.242952249365
SVN,69T75,6295.7166011483005
SVN,77T82,2640.9462617632007
SVN,84,3971.1551709511023
SVN,85,3210.6986524858858
SVN,86T88,3872.380831460523
SVN,90T93,1324.4264769083866
SVN,94T98,1047.1113404140963
SWE,01T02,19506.341193834047
SWE,03,285.6386976466342
SWE,05T06,413.17314642270526
SWE,07T08,4980.631374971186
SWE,10T12,18327.60671258397
SWE,13T15,1396.0289357999413
SWE,16,11209.843785185685
SWE,17T18,18157.468147043128
SWE,19,13335.679473809152
SWE,20,9088.794203859663
SWE,21,8650.602043848276
SWE,22,5514.473109290319
SWE,23,5756.654268656008
SWE,24,16888.654087978706
SWE,25,15942.71313668498
SWE,26,5106.899988069903
SWE,27,7250.139816428501
SWE,28,23744.51124075763
SWE,29T30,46577.15139483214
SWE,31T33,8718.943169923336
SWE,35,18517.997404069643
SWE,36T39,8290.59055772576
SWE,41T43,70801.48933807117
SWE,45T47,86533.87611882077
SWE,49,24256.93111535474
SWE,50,3755.917342498362
SWE,51,3197.297428936128
SWE,52,28075.50338121776
SWE,53,3492.640290720285
SWE,55T56,18402.075325218924
SWE,58T60,19463.0945478991
SWE,61,13634.081254458155
SWE,62T63,37336.40069715367
SWE,64T66,25062.2677708486
SWE,68,72544.01213545732
SWE,69T75,66945.36633567206
SWE,77T82,31488.928462293283
SWE,84,37496.51867273172
SWE,85,36137.09769672445
SWE,86T88,68518.69998971155
SWE,90T93,12571.479842171742
SWE,94T98,11132.32522395584
THA,01T02,60073.35209616735
THA,03,7731.033015471354
THA,05T06,16055.506965934144
THA,07T08,3606.9925749472595
THA,10T12,88886.8004654283
THA,13T15,44833.80825254417
THA,16,3954.995081437742
THA,17T18,8667.318970302897
THA,19,38354.109912891
THA,20,32576.32192316007
THA,21,4085.9011530606426
THA,22,26516.177684037506
THA,23,16376.309124202668
THA,24,11921.420470039853
THA,25,12674.945642631652
THA,26,94169.90899290954
THA,27,16400.415070705858
THA,28,17023.143296654558
THA,29T30,53136.60033944761
THA,31T33,36173.69315866575
THA,35,52827.73983648036
THA,36T39,3661.658283465888
THA,41T43,40834.101069429125
THA,45T47,122598.1077260833
THA,49,26058.05066821236
THA,50,10327.44877891335
THA,51,12678.811794014346
THA,52,960.8763112686106
THA,53,3117.1941002741187
THA,55T56,46051.72075029619
THA,58T60,7429.007273321326
THA,61,9850.351620092479
THA,62T63,4732.096718768611
THA,64T66,40466.3586711462
THA,68,16709.19009272134
THA,69T75,10277.278742308417
THA,77T82,11637.67160201665
THA,84,41589.60919699699
THA,85,27270.58946199885
THA,86T88,16672.047289005473
THA,90T93,1949.2889689650478
THA,94T98,12538.17402287954
TUN,01T02,4572.058484604826
TUN,03,780.0517124059028
TUN,05T06,2293.8927791151536
TUN,07T08,392.1692387706532
TUN,10T12,6263.411752322549
TUN,13T15,4792.825882823276
TUN,16,399.69550180402615
TUN,17T18,583.82855705322
TUN,19,875.9666729315585
TUN,20,1590.9413707466574
TUN,21,714.3684804854818
TUN,22,375.91292294933436
TUN,23,1294.6370861941907
TUN,24,415.3638972559144
TUN,25,1710.4344668991118
TUN,26,1560.9891733487207
TUN,27,721.6940031585485
TUN,28,1601.683916496143
TUN,29T30,1515.3912017616562
TUN,31T33,764.0406471955275
TUN,35,1164.4826647408827
TUN,36T39,234.50624322547756
TUN,41T43,4905.046286092941
TUN,45T47,5066.825845632555
TUN,49,2478.7135028126245
TUN,50,283.48541316715495
TUN,51,469.2277051731327
TUN,52,1165.1039950765232
TUN,53,385.3689736020251
TUN,55T56,2827.7556466173946
TUN,58T60,392.36573935283315
TUN,61,1429.267766470919
TUN,62T63,572.8508677538313
TUN,64T66,2040.0614691975213
TUN,68,2881.735621037594
TUN,69T75,1630.4616107394563
TUN,77T82,979.9735338384694
TUN,84,7512.732091457775
TUN,85,115.82242388151482
TUN,86T88,119.65765382814399
TUN,90T93,118.96866484512871
TUN,94T98,261.5403997333482
TUR,01T02,94517.73119164977
TUR,03,1927.7141528799652
TUR,05T06,5341.508735078924
TUR,07T08,9303.25912208358
TUR,10T12,76132.69169617508
TUR,13T15,74566.46703407614
TUR,16,5858.760966991177
TUR,17T18,13835.421476990692
TUR,19,22012.27224100234
TUR,20,20705.961850976968
TUR,21,4455.554019483996
TUR,22,21291.691937173164
TUR,23,25295.337336652072
TUR,24,47497.382657695416
TUR,25,24657.18628018156
TUR,26,4845.257213322701
TUR,27,19943.94960397706
TUR,28,17489.098316568634
TUR,29T30,33985.507303445884
TUR,31T33,26339.723649477404
TUR,35,60016.69021349028
TUR,36T39,14537.937536250174
TUR,41T43,152290.11950661728
TUR,45T47,146052.060525725
TUR,49,97809.78558070707
TUR,50,7527.787378611021
TUR,51,11570.390497224887
TUR,52,18219.760240305808
TUR,53,3926.5084201472246
TUR,55T56,41571.854829907374
TUR,58T60,7583.098643324009
TUR,61,16432.867490664612
TUR,62T63,9698.945385284107
TUR,64T66,36517.291489690026
TUR,68,82720.57553065634
TUR,69T75,29241.65762559732
TUR,77T82,34332.11848790766
TUR,84,55792.27618244769
TUR,85,36505.24113116974
TUR,86T88,35358.04210057963
TUR,90T93,11951.324234510395
TUR,94T98,16039.870374131366
TWN,01T02,16528.392806684988
TWN,03,3377.7560123595667
TWN,05T06,1353.8749604108764
TWN,07T08,1524.0188821302577
TWN,10T12,28393.530893875868
TWN,13T15,21422.474959835257
TWN,16,1638.504773757693
TWN,17T18,11734.153894889321
TWN,19,37862.779742897044
TWN,20,86650.49749248933
TWN,21,3543.527820318449
TWN,22,19151.483291248667
TWN,23,12320.420367451828
TWN,24,59615.49731596305
TWN,25,32941.897080936404
TWN,26,221679.5817557198
TWN,27,22051.872088588192
TWN,28,35359.733310424774
TWN,29T30,28524.815498518692
TWN,31T33,8733.08824991728
TWN,35,22866.65483842699
TWN,36T39,7426.0196755240295
TWN,41T43,49419.19630823372
TWN,45T47,135446.63327500504
TWN,49,14014.840020449124
TWN,50,8363.285765704513
TWN,51,10506.313647722971
TWN,52,8162.972567131735
TWN,53,2215.770551629393
TWN,55T56,25532.968388957623
TWN,58T60,9535.756802163705
TWN,61,13301.732265317167
TWN,62T63,8736.373941121765
TWN,64T66,52899.37933714281
TWN,68,59329.114148844106
TWN,69T75,21903.595442021076
TWN,77T82,12023.309932390852
TWN,84,48171.13440933028
TWN,85,28449.35664573717
TWN,86T88,26488.621496350217
TWN,90T93,7413.291910482337
TWN,94T98,19920.287620612355
USA,01T02,461071.62224776787
USA,03,5518.305292646755
USA,05T06,520740.30404991633
USA,07T08,73970.6806640025
USA,10T12,933475.1305297224
USA,13T15,69887.65585703871
USA,16,119802.11510277144
USA,17T18,274774.80325255357
USA,19,634006.975191314
USA,20,543836.2438401126
USA,21,298060.6941490043
USA,22,245970.49416541558
USA,23,157841.22325285207
USA,24,284011.9944125828
USA,25,395440.53033757134
USA,26,406015.5270157511
USA,27,132021.27223150668
USA,28,407868.5739464457
USA,29T30,1061672.5895120297
USA,31T33,277556.4351251705
USA,35,471816.2795042876
USA,36T39,120143.46744801852
USA,41T43,1640271.4155656411
USA,45T47,3606594.0027353195
USA,49,613539.8137589339
USA,50,54882.78601577514
USA,51,216183.27545027726
USA,52,284332.79420636356
USA,53,156659.5182645782
USA,55T56,1065590.576422647
USA,58T60,770015.3997806855
USA,61,633920.5156130493
USA,62T63,884027.4093298612
USA,64T66,2990376.250573759
USA,68,3580000.1441954384
USA,69T75,2472961.5459587295
USA,77T82,1347297.7056523548
USA,84,2826297.326799853
USA,85,1458665.2835915643
USA,86T88,2512275.7530217944
USA,90T93,344234.9162380311
USA,94T98,542759.6445860101
VNM,01T02,78793.59374461455
VNM,03,24442.59594660448
VNM,05T06,39211.44987801194
VNM,07T08,2748.3842993575277
VNM,10T12,97080.07446473738
VNM,13T15,71149.10788009505
VNM,16,9356.898721525768
VNM,17T18,10985.871603052346
VNM,19,14296.672988414379
VNM,20,19185.897742845875
VNM,21,4015.3678997013453
VNM,22,14336.95034876026
VNM,23,19323.218288029544
VNM,24,19818.275480940276
VNM,25,19843.843809184185
VNM,26,29578.701076678815
VNM,27,20973.735458190582
VNM,28,5058.563042504783
VNM,29T30,20694.714992884656
VNM,31T33,23635.33394567084
VNM,35,12114.437815427898
VNM,36T39,2306.7995299628055
VNM,41T43,53738.800914336476
VNM,45T47,44372.48541612945
VNM,49,11714.630876781532
VNM,50,4112.009169096615
VNM,51,4194.910007078902
VNM,52,6224.180479337709
VNM,53,1305.3105695063346
VNM,55T56,19411.34293464841
VNM,58T60,1975.800280051879
VNM,61,8300.614475071312
VNM,62T63,1500.8627427182455
VNM,64T66,15439.73545904029
VNM,68,12826.283505122397
VNM,69T75,10169.567472312108
VNM,77T82,2874.642622929193
VNM,84,11639.019752526032
VNM,85,11950.371312174624
VNM,86T88,6743.729649598481
VNM,90T93,4326.250846618928
VNM,94T98,3564.280957826677
ZAF,01T02,25098.188133826152
ZAF,03,1319.0440121520016
ZAF,05T06,13355.646808172623
ZAF,07T08,37449.174251427205
ZAF,10T12,33512.3263379825
ZAF,13T15,5541.069648962705
ZAF,16,2456.8601565760905
ZAF,17T18,8396.94342383729
ZAF,19,26243.375500730675
ZAF,20,13272.684562962339
ZAF,21,2607.1367284794323
ZAF,22,4714.181871478171
ZAF,23,4638.505185036949
ZAF,24,17649.215740823853
ZAF,25,7730.053354522163
ZAF,26,2205.3990973968002
ZAF,27,4107.737864885537
ZAF,28,9246.592474400171
ZAF,29T30,20578.672967578877
ZAF,31T33,3519.583772247918
ZAF,35,17457.96288086765
ZAF,36T39,8895.261350150695
ZAF,41T43,28249.718664035456
ZAF,45T47,61313.355770335285
ZAF,49,19823.192610701728
ZAF,50,435.7474388309413
ZAF,51,5213.144582109848
ZAF,52,12761.144351291014
ZAF,53,1710.7393603653563
ZAF,55T56,9590.419223290404
ZAF,58T60,3860.8094871126186
ZAF,61,23146.651184897448
ZAF,62T63,9559.246560766333
ZAF,64T66,45046.254376287136
ZAF,68,35445.89447223129
ZAF,69T75,26197.601091612414
ZAF,77T82,21347.699359595765
ZAF,84,45786.64543985705
ZAF,85,29140.39545844108
ZAF,86T88,26474.03466852116
ZAF,90T93,4582.500275351299
ZAF,94T98,29520.630426510088
