col_country,col_sector,value
ARG,01T02,31925.437567511162
ARG,03,2088.8738016014636
ARG,05T06,17235.5811448077
ARG,07T08,3540.162555327458
ARG,10T12,25155.778674350484
ARG,13T15,4332.326105337634
ARG,16,1039.7918808734364
ARG,17T18,4753.576748752246
ARG,19,3328.310176081108
ARG,20,6711.76854289282
ARG,21,3196.203424815978
ARG,22,3359.6193090567467
ARG,23,3325.220253294879
ARG,24,5261.739125566922
ARG,25,3247.6323976862886
ARG,26,1379.8640195030807
ARG,27,1323.938596461627
ARG,28,3805.626672289887
ARG,29T30,4684.077174423181
ARG,31T33,2102.3925775066236
ARG,35,12314.60413680459
ARG,36T39,3866.521566065604
ARG,41T43,22139.73479946578
ARG,45T47,69328.5320109593
ARG,49,16560.232266216124
ARG,50,547.1232601050809
ARG,51,945.9111366804134
ARG,52,4138.428727971306
ARG,53,767.1958879296242
ARG,55T56,12846.989385204899
ARG,58T60,4794.595326234935
ARG,61,6059.338746607257
ARG,62T63,1496.4826194534614
ARG,64T66,22180.47917881987
ARG,68,18382.97919573874
ARG,69T75,14466.193127506314
ARG,77T82,20599.96416221307
ARG,84,37611.18977041274
ARG,85,26524.78452301085
ARG,86T88,27601.03394384409
ARG,90T93,2185.4649809851862
ARG,94T98,13685.84681406281
AUS,01T02,27470.436883853254
AUS,03,3134.598326078367
AUS,05T06,79291.540783229
AUS,07T08,56553.342100249196
AUS,10T12,19237.59344074777
AUS,13T15,1739.235164204324
AUS,16,3528.908572884664
AUS,17T18,3807.4730443057597
AUS,19,4367.146972892426
AUS,20,3934.92927606418
AUS,21,3162.237468031847
AUS,22,3408.0311502669974
AUS,23,4886.129339155987
AUS,24,5162.202782088476
AUS,25,7662.095170617373
AUS,26,4085.155517858946
AUS,27,1712.445424958902
AUS,28,3778.2437681314295
AUS,29T30,6060.043377451819
AUS,31T33,6598.929163036506
AUS,35,21880.0174286845
AUS,36T39,14400.275557834795
AUS,41T43,111823.74402296144
AUS,45T47,111117.84493827424
AUS,49,19545.937039971388
AUS,50,9232.70781914919
AUS,51,8284.980074099893
AUS,52,25270.699298373187
AUS,53,4684.840452527801
AUS,55T56,35019.43746072022
AUS,58T60,8766.975712778183
AUS,61,15999.7175085218
AUS,62T63,29901.992887417848
AUS,64T66,123501.28411580592
AUS,68,151576.56661080796
AUS,69T75,72363.58629218725
AUS,77T82,56537.801664328435
AUS,84,74041.3914251103
AUS,85,66833.29280218991
AUS,86T88,99757.84104484173
AUS,90T93,19215.695443623532
AUS,94T98,17801.286301589626
AUT,01T02,5655.592274122778
AUT,03,38.44727812777157
AUT,05T06,798.8574517326563
AUT,07T08,708.8222246922784
AUT,10T12,8328.026773898979
AUT,13T15,1326.0252646370277
AUT,16,3423.8550959383665
AUT,17T18,3795.604628641582
AUT,19,1545.3973353639249
AUT,20,3730.004846545695
AUT,21,2828.207243446521
AUT,22,3309.506588724319
AUT,23,3507.107922736265
AUT,24,6303.488996945625
AUT,25,8089.618803794994
AUT,26,4941.692409852525
AUT,27,6891.332946323413
AUT,28,11870.236451000146
AUT,29T30,7423.005384127009
AUT,31T33,6466.913546139878
AUT,35,9483.83369303447
AUT,36T39,4470.300139371457
AUT,41T43,29315.232502817766
AUT,45T47,49335.44922558339
AUT,49,12844.903726338644
AUT,50,152.3763079469228
AUT,51,1457.3983624478574
AUT,52,9329.801516464238
AUT,53,1757.2689557305423
AUT,55T56,22373.121120399537
AUT,58T60,3121.9925929894935
AUT,61,3660.4764592568017
AUT,62T63,8371.998117100138
AUT,64T66,16895.44694165107
AUT,68,41299.43942892658
AUT,69T75,22600.39793781836
AUT,77T82,18721.777300040078
AUT,84,20998.506359628038
AUT,85,22055.32874370229
AUT,86T88,29637.668708578312
AUT,90T93,5244.2613685719625
AUT,94T98,6488.557269903931
BEL,01T02,3290.69546146028
BEL,03,72.32170744590069
BEL,05T06,12.74798318802561
BEL,07T08,381.8358652778709
BEL,10T12,11416.020069357473
BEL,13T15,2168.2328754095497
BEL,16,1330.9391301686646
BEL,17T18,2699.71267959083
BEL,19,4443.476725410448
BEL,20,13322.605650932015
BEL,21,10430.068809802062
BEL,22,3769.673313192201
BEL,23,3773.7879938378837
BEL,24,5395.164844935462
BEL,25,5470.059359439803
BEL,26,2165.978242152699
BEL,27,1479.5591052452996
BEL,28,5391.635194255621
BEL,29T30,4831.044017916978
BEL,31T33,4369.27714918519
BEL,35,7516.602632443231
BEL,36T39,5486.805400123332
BEL,41T43,32999.33379337171
BEL,45T47,65931.47222795282
BEL,49,12970.228168817348
BEL,50,1358.9952474224092
BEL,51,2099.7081562105604
BEL,52,13836.65152240248
BEL,53,2644.156724611662
BEL,55T56,10770.393141675202
BEL,58T60,4470.1656644397535
BEL,61,8372.220537084237
BEL,62T63,14606.641562302513
BEL,64T66,50300.69271701356
BEL,68,50528.902046351825
BEL,69T75,58414.5632235576
BEL,77T82,29540.03315769356
BEL,84,41063.63069966816
BEL,85,36382.58644682332
BEL,86T88,39348.31970255567
BEL,90T93,4132.123820811105
BEL,94T98,7603.168927447486
BGR,01T02,2411.486201016266
BGR,03,17.114271529638103
BGR,05T06,325.9231760231571
BGR,07T08,787.616437605162
BGR,10T12,1734.4265524795728
BGR,13T15,928.8036129511659
BGR,16,186.8531929354299
BGR,17T18,401.14056874829225
BGR,19,163.41424145441442
BGR,20,494.56237345961085
BGR,21,292.891953189905
BGR,22,533.9526312837017
BGR,23,542.5657277744476
BGR,24,609.073961004432
BGR,25,1005.491780060305
BGR,26,277.6608347518038
BGR,27,580.7547935244211
BGR,28,712.747103477521
BGR,29T30,496.3011231021612
BGR,31T33,942.109996626006
BGR,35,1841.9995650182514
BGR,36T39,592.0436359940026
BGR,41T43,2611.0309897822854
BGR,45T47,8796.739365595571
BGR,49,2566.265189797203
BGR,50,57.83695635998561
BGR,51,179.27465366851095
BGR,52,949.2592995046768
BGR,53,215.23705557744307
BGR,55T56,1580.7047644939562
BGR,58T60,556.7466680590005
BGR,61,1118.233949073719
BGR,62T63,2293.642354638644
BGR,64T66,3819.003966245551
BGR,68,6036.761064369259
BGR,69T75,2260.486815675122
BGR,77T82,1536.6706089966515
BGR,84,3730.6051532765955
BGR,85,2258.7006822020785
BGR,86T88,2291.38003673766
BGR,90T93,894.8533059330364
BGR,94T98,663.8447490590447
BRA,01T02,88760.4765817897
BRA,03,6635.164859203246
BRA,05T06,29149.516240120087
BRA,07T08,21542.417470720146
BRA,10T12,48713.355459943064
BRA,13T15,18611.159423633417
BRA,16,3531.2689517602103
BRA,17T18,12986.536460386862
BRA,19,28038.473775604347
BRA,20,20710.635848626953
BRA,21,9781.230325617207
BRA,22,10065.073832053375
BRA,23,7889.4736041334
BRA,24,11326.718093491225
BRA,25,9983.571430280976
BRA,26,6871.421260887539
BRA,27,6783.219419555549
BRA,28,11555.332289949602
BRA,29T30,24880.75965044229
BRA,31T33,18141.74174747248
BRA,35,41229.69794063649
BRA,36T39,14036.748553756643
BRA,41T43,72641.57754092301
BRA,45T47,212054.84236568018
BRA,49,52072.42271867322
BRA,50,3024.363048716077
BRA,51,3882.250157805979
BRA,52,16266.676496785794
BRA,53,5612.27287565255
BRA,55T56,44025.456680201685
BRA,58T60,7519.070202346678
BRA,61,20627.808127484648
BRA,62T63,30420.81103867855
BRA,64T66,113698.5700608006
BRA,68,160267.59071998476
BRA,69T75,74938.39991405251
BRA,77T82,57652.01838633363
BRA,84,168180.4020510449
BRA,85,108032.02398332921
BRA,86T88,72460.26534081937
BRA,90T93,5717.76671690705
BRA,94T98,53359.022203802946
BRN,01T02,68.89511131088726
BRN,03,2.5016175827294163
BRN,05T06,6590.81361230113
BRN,07T08,49.901429666387074
BRN,10T12,16.83339849760577
BRN,13T15,47.520757170444995
BRN,16,2.3840955704774736
BRN,17T18,6.860334272228512
BRN,19,1246.8885029635005
BRN,20,37.458844256460736
BRN,21,0.13274257084673013
BRN,22,6.867096370639533
BRN,23,13.728768775890103
BRN,24,16.080911655703822
BRN,25,5.292750088723363
BRN,26,3.748014400097013
BRN,27,8.360662831972999
BRN,28,8.103023160614693
BRN,29T30,74.81949157707635
BRN,31T33,6.9405449396001515
BRN,35,66.85687292188368
BRN,36T39,49.23914254126864
BRN,41T43,226.0637283396345
BRN,45T47,689.5671107277681
BRN,49,24.389726209306296
BRN,50,77.20595978880527
BRN,51,139.78429544116437
BRN,52,40.49791099855693
BRN,53,6.924565983911339
BRN,55T56,89.67610502455935
BRN,58T60,31.429434525962684
BRN,61,217.0515186404001
BRN,62T63,7.490295778370728
BRN,64T66,838.0050470256729
BRN,68,326.5678354768472
BRN,69T75,297.91908845326486
BRN,77T82,40.65786377425596
BRN,84,1573.5736376205973
BRN,85,479.4954413843326
BRN,86T88,199.85339335582648
BRN,90T93,1.002005293915321
BRN,94T98,24.31512843743713
CAN,01T02,31247.751140231303
CAN,03,2589.9451037300273
CAN,05T06,66366.08772009498
CAN,07T08,19634.37075383935
CAN,10T12,28750.284239091183
CAN,13T15,2146.152282178494
CAN,16,9132.200849463617
CAN,17T18,11163.082968811279
CAN,19,10773.28466114834
CAN,20,13177.289797127298
CAN,21,4382.458539485041
CAN,22,9011.246854583305
CAN,23,6625.674013150507
CAN,24,10374.762704386412
CAN,25,12534.59022312954
CAN,26,5429.569301732971
CAN,27,3389.2507360706422
CAN,28,12993.968119436526
CAN,29T30,29132.51900492143
CAN,31T33,14051.460557806075
CAN,35,32894.258294679224
CAN,36T39,8818.650126474131
CAN,41T43,125295.86144058954
CAN,45T47,176706.31321221014
CAN,49,43111.432319829684
CAN,50,1578.770855215736
CAN,51,9174.140475834243
CAN,52,18247.585984728863
CAN,53,6973.708509335575
CAN,55T56,39016.64001888905
CAN,58T60,16220.035787623496
CAN,61,29842.358910322135
CAN,62T63,31302.148242028812
CAN,64T66,118052.27374249022
CAN,68,198662.96430878463
CAN,69T75,71989.15516491985
CAN,77T82,51891.506791100095
CAN,84,117316.44392934452
CAN,85,88675.70329703677
CAN,86T88,121119.95352430383
CAN,90T93,13542.727808160502
CAN,94T98,21517.93979422102
CHE,01T02,4873.0228550677875
CHE,03,36.1495897735878
CHE,05T06,344.65815602449374
CHE,07T08,485.3443304700231
CHE,10T12,14542.140790598998
CHE,13T15,1263.0895813263248
CHE,16,3198.546513672026
CHE,17T18,2533.5880348963083
CHE,19,4908.512390018277
CHE,20,3589.5900349277745
CHE,21,38023.130976176784
CHE,22,3016.7891306038155
CHE,23,2483.2545998869327
CHE,24,1828.5482234285673
CHE,25,9321.223625732395
CHE,26,21996.174897361067
CHE,27,5146.938355308372
CHE,28,12572.192291049803
CHE,29T30,2805.4464157098364
CHE,31T33,6793.708293298603
CHE,35,9679.918460755209
CHE,36T39,2084.5214924969455
CHE,41T43,37113.50585627545
CHE,45T47,99417.48920777698
CHE,49,12672.457090738098
CHE,50,7484.239464427123
CHE,51,2501.9513120855
CHE,52,5089.021625529918
CHE,53,2894.9039523662536
CHE,55T56,12012.153935372917
CHE,58T60,3446.2900989537734
CHE,61,8420.039176193492
CHE,62T63,16768.681062131902
CHE,64T66,66520.54551131217
CHE,68,51689.83965103106
CHE,69T75,52502.82632736868
CHE,77T82,19950.230696547926
CHE,84,72661.70710007986
CHE,85,4104.77510252777
CHE,86T88,55159.943402015706
CHE,90T93,7526.065018712385
CHE,94T98,12278.129652792319
CHL,01T02,9419.610067184216
CHL,03,2000.4865084094636
CHL,05T06,241.04189193995134
CHL,07T08,15752.150791683443
CHL,10T12,12826.647707175744
CHL,13T15,558.9071210466936
CHL,16,1449.380168369832
CHL,17T18,3598.450952342235
CHL,19,429.38246975942184
CHL,20,2019.2949766137417
CHL,21,754.5288664732582
CHL,22,1006.0792617784559
CHL,23,944.9438255227769
CHL,24,14589.559068409771
CHL,25,1813.5424088803638
CHL,26,811.3747033730206
CHL,27,200.71292875631195
CHL,28,969.8934984010814
CHL,29T30,1074.5023030283483
CHL,31T33,1398.6517992134882
CHL,35,7071.855680335431
CHL,36T39,2106.7658351916034
CHL,41T43,20569.44117582263
CHL,45T47,29430.61518597863
CHL,49,8047.40800996946
CHL,50,414.12722094886567
CHL,51,1705.0418427806726
CHL,52,5257.274192343624
CHL,53,375.9883045076981
CHL,55T56,7048.576781482942
CHL,58T60,1749.8210076783225
CHL,61,2188.16386829992
CHL,62T63,3095.729406411385
CHL,64T66,14231.729694154377
CHL,68,24869.792762544836
CHL,69T75,19350.198669321057
CHL,77T82,10613.262396613625
CHL,84,14700.055485085968
CHL,85,15816.605605821695
CHL,86T88,15180.787273664071
CHL,90T93,2731.2484446252806
CHL,94T98,3370.0225241223993
CHN,01T02,825064.0240236595
CHN,03,96939.48709206205
CHN,05T06,232995.27255237597
CHN,07T08,102971.37859001296
CHN,10T12,413390.1760458136
CHN,13T15,242343.83734184387
CHN,16,54424.97970272228
CHN,17T18,124864.13859676168
CHN,19,176280.24748005916
CHN,20,358726.0353345446
CHN,21,123145.10229920154
CHN,22,119944.20967708091
CHN,23,361454.7007173494
CHN,24,470503.7856619512
CHN,25,233771.73321738932
CHN,26,325312.36338652833
CHN,27,204656.04047200293
CHN,28,278844.920291192
CHN,29T30,361981.95958691067
CHN,31T33,122745.12012206172
CHN,35,345082.82063794346
CHN,36T39,79441.62116491642
CHN,41T43,982097.3864939678
CHN,45T47,1330835.6397676799
CHN,49,411513.6751781361
CHN,50,42813.96131308151
CHN,51,56227.48302223833
CHN,52,76931.58004445097
CHN,53,50938.5258117942
CHN,55T56,258357.5040710477
CHN,58T60,44290.10303189313
CHN,61,122258.83485495826
CHN,62T63,260184.0058779153
CHN,64T66,1059005.9073240561
CHN,68,960418.7012405412
CHN,69T75,312544.1394856855
CHN,77T82,440103.5530313032
CHN,84,644315.3438196954
CHN,85,497033.66540722747
CHN,86T88,308854.9028781686
CHN,90T93,98908.7826718367
CHN,94T98,230938.07750119676
COL,01T02,20638.72774288062
COL,03,660.8594546626882
COL,05T06,18307.73120834054
COL,07T08,1910.5903239665822
COL,10T12,11653.168915730796
COL,13T15,3875.1016933210976
COL,16,369.00725793281845
COL,17T18,1867.881005437754
COL,19,6224.058275928714
COL,20,3651.4233768913946
COL,21,1449.6487190812254
COL,22,1106.212096547135
COL,23,4312.036051082453
COL,24,1355.366264552547
COL,25,1000.5465830616847
COL,26,21.565713587762637
COL,27,754.3724214738963
COL,28,217.55701963322792
COL,29T30,982.8663503879866
COL,31T33,3083.107192358489
COL,35,7908.868176192413
COL,36T39,3490.778619820686
COL,41T43,23778.214289485775
COL,45T47,30356.893098438202
COL,49,12412.447773494207
COL,50,120.32084833237181
COL,51,1937.179910443469
COL,52,3132.9420532672884
COL,53,396.17579084117295
COL,55T56,14393.163486907473
COL,58T60,865.1529578266886
COL,61,5956.206370011643
COL,62T63,3073.2281512564914
COL,64T66,14747.903911396996
COL,68,29394.822473937296
COL,69T75,10680.735329664964
COL,77T82,12520.154420106024
COL,84,21008.684277992088
COL,85,16222.38614131496
COL,86T88,13624.598846045503
COL,90T93,3301.577527725405
COL,94T98,4703.759198534376
CRI,01T02,2722.805566295084
CRI,03,41.99261462210211
CRI,05T06,3.454338430316982
CRI,07T08,200.5852364631304
CRI,10T12,2921.3931220597387
CRI,13T15,187.8475612703197
CRI,16,90.51962435116431
CRI,17T18,326.3309515018112
CRI,19,194.15511192465908
CRI,20,413.92106386686635
CRI,21,134.58564477351584
CRI,22,135.4952680587042
CRI,23,372.9225187415681
CRI,24,104.36154463788944
CRI,25,189.71273381891783
CRI,26,66.11385472637413
CRI,27,210.10409389557486
CRI,28,13.917471289602268
CRI,29T30,25.03753587567046
CRI,31T33,2275.1028903472957
CRI,35,1213.4902788630052
CRI,36T39,440.843036141733
CRI,41T43,3034.048333429404
CRI,45T47,5663.105401608404
CRI,49,1420.1524986533418
CRI,50,265.13604008948556
CRI,51,288.8748242833791
CRI,52,838.8931761803885
CRI,53,202.18980855947845
CRI,55T56,2133.463972021392
CRI,58T60,241.2596183200576
CRI,61,1012.2149075037638
CRI,62T63,1663.456942589372
CRI,64T66,3366.8447097242115
CRI,68,4896.934601882825
CRI,69T75,4168.71954227527
CRI,77T82,2916.512854672518
CRI,84,2624.213373173941
CRI,85,4587.528906129203
CRI,86T88,3830.7375161945756
CRI,90T93,562.1893106842996
CRI,94T98,1571.8891932717347
CYP,01T02,466.43020193596004
CYP,03,41.58867000236647
CYP,05T06,8.680524442807638
CYP,07T08,14.457644239249724
CYP,10T12,477.48398223677486
CYP,13T15,18.344134878041814
CYP,16,63.621267570784426
CYP,17T18,50.63826063993292
CYP,19,5.225660152280099
CYP,20,31.222005428464257
CYP,21,153.8073334938549
CYP,22,36.173116226087295
CYP,23,144.21837086375558
CYP,24,21.16239639364182
CYP,25,119.76356939219801
CYP,26,24.632488280832014
CYP,27,14.488475437224718
CYP,28,27.37860797129632
CYP,29T30,7.449463086436026
CYP,31T33,163.13774184736985
CYP,35,358.24926731716215
CYP,36T39,181.72561042765295
CYP,41T43,1510.142991379881
CYP,45T47,2439.504638912722
CYP,49,221.31916359598517
CYP,50,654.9083180907301
CYP,51,29.096435964056838
CYP,52,627.3608943933077
CYP,53,48.271414611925046
CYP,55T56,1570.7978551624333
CYP,58T60,398.50621742589465
CYP,61,401.72315111848053
CYP,62T63,568.2016522129293
CYP,64T66,2093.2620567735694
CYP,68,2133.113599468757
CYP,69T75,1761.2469486616285
CYP,77T82,419.26993379452875
CYP,84,1869.9483808024531
CYP,85,1281.7510698188241
CYP,86T88,862.8393664091816
CYP,90T93,407.5696008310954
CYP,94T98,575.1420026474855
CZE,01T02,5236.190275261288
CZE,03,27.310271614924694
CZE,05T06,1124.5550703607805
CZE,07T08,404.96730105395557
CZE,10T12,5133.761262925022
CZE,13T15,1274.38409112419
CZE,16,1475.8575017080234
CZE,17T18,1650.0066214072226
CZE,19,369.08993303242823
CZE,20,2213.128633695126
CZE,21,928.4595448020705
CZE,22,4337.494541349057
CZE,23,2597.310637337753
CZE,24,2093.4658563642543
CZE,25,6518.032034843112
CZE,26,3391.1891350341757
CZE,27,4491.588666173493
CZE,28,5098.881784541878
CZE,29T30,13350.521713695482
CZE,31T33,4073.5042492588454
CZE,35,6273.958330521211
CZE,36T39,2514.9269773847936
CZE,41T43,12981.950543115017
CZE,45T47,26534.861913389395
CZE,49,8251.355445468142
CZE,50,23.458656831961633
CZE,51,557.6598715462469
CZE,52,4983.313613029691
CZE,53,796.5882167526556
CZE,55T56,4980.899312198743
CZE,58T60,2505.7280409694927
CZE,61,3025.402504941502
CZE,62T63,6906.096379301404
CZE,64T66,9034.253336596372
CZE,68,19780.540613919802
CZE,69T75,11469.421920353156
CZE,77T82,4396.911991058585
CZE,84,14145.65122363868
CZE,85,10003.627747091356
CZE,86T88,10380.788412623264
CZE,90T93,2322.1323483932497
CZE,94T98,2680.0228580427765
DEU,01T02,28466.350957051523
DEU,03,334.98003569920013
DEU,05T06,2751.4011701465142
DEU,07T08,2803.173049839516
DEU,10T12,64504.3830966847
DEU,13T15,10558.317143820797
DEU,16,8785.58693531693
DEU,17T18,23345.573555947376
DEU,19,11306.776855370845
DEU,20,61798.194296825954
DEU,21,32303.050572350126
DEU,22,38105.45359981788
DEU,23,23692.734453052093
DEU,24,29845.86414342797
DEU,25,71220.320397671
DEU,26,54120.83303509094
DEU,27,56821.16257617943
DEU,28,131635.5746190452
DEU,29T30,196319.64108243556
DEU,31T33,50738.46383589346
DEU,35,77715.8541134578
DEU,36T39,41869.385079459906
DEU,41T43,186130.6982446984
DEU,45T47,368521.3860913996
DEU,49,65426.35541861834
DEU,50,10487.53473540819
DEU,51,12184.482814646904
DEU,52,66178.23810566816
DEU,53,21083.335472924337
DEU,55T56,60014.97971672643
DEU,58T60,38970.29869500319
DEU,61,33795.22592058041
DEU,62T63,106696.99773319451
DEU,64T66,143972.7478937079
DEU,68,384961.63371945254
DEU,69T75,241605.24874319468
DEU,77T82,192339.10601401672
DEU,84,226329.52072869593
DEU,85,164444.6654442133
DEU,86T88,283008.9702406982
DEU,90T93,50255.04446663488
DEU,94T98,89913.07486309353
DNK,01T02,3724.7220413723244
DNK,03,514.1162765712241
DNK,05T06,3364.3470282501485
DNK,07T08,154.8989829013526
DNK,10T12,6302.599783876285
DNK,13T15,624.9368792242667
DNK,16,711.5349733953121
DNK,17T18,947.7198058310751
DNK,19,1367.9060966281759
DNK,20,3436.640335479963
DNK,21,11759.586227358142
DNK,22,1534.1927711763765
DNK,23,1756.3294061665042
DNK,24,595.8113608919425
DNK,25,2934.053448641311
DNK,26,3072.611302206962
DNK,27,1388.2882657083776
DNK,28,7493.280500241832
DNK,29T30,860.3653168548358
DNK,31T33,5089.122565181603
DNK,35,4218.689414305987
DNK,36T39,2919.2481337197646
DNK,41T43,20865.426582100103
DNK,45T47,40754.23887348829
DNK,49,5835.937461175306
DNK,50,6149.312426814769
DNK,51,1158.7486213850038
DNK,52,4213.038359365768
DNK,53,977.7044160946218
DNK,55T56,5556.727555147409
DNK,58T60,4604.085393457209
DNK,61,3055.3728305117943
DNK,62T63,7294.7605766963525
DNK,64T66,17718.920878501245
DNK,68,31785.22217041267
DNK,69T75,21267.337240877416
DNK,77T82,10845.923729751283
DNK,84,15346.210403154637
DNK,85,19092.76710548124
DNK,86T88,32538.94274895688
DNK,90T93,5019.532627629909
DNK,94T98,5511.189421868075
ESP,01T02,39420.76873517652
ESP,03,1914.5041384563494
ESP,05T06,1330.9958756562069
ESP,07T08,2153.059035408719
ESP,10T12,33376.31650154659
ESP,13T15,11561.450079544262
ESP,16,2668.2309974268846
ESP,17T18,7981.1710343294035
ESP,19,5736.724873706924
ESP,20,13004.61230862757
ESP,21,8221.424766713073
ESP,22,7868.752641185783
ESP,23,7371.734042477305
ESP,24,8772.665626386046
ESP,25,14376.913414946288
ESP,26,2248.513444747069
ESP,27,6182.061915249453
ESP,28,8906.447759020164
ESP,29T30,24029.226202337726
ESP,31T33,14304.436848733301
ESP,35,29208.13413870184
ESP,36T39,15779.289830621256
ESP,41T43,84844.32161233985
ESP,45T47,171607.80679344732
ESP,49,32872.713462086525
ESP,50,1143.2538632142416
ESP,51,4592.237721253634
ESP,52,23477.47131383259
ESP,53,2821.6367854653195
ESP,55T56,83882.56018080114
ESP,58T60,10942.221900432794
ESP,61,18032.31536249104
ESP,62T63,21628.16495473303
ESP,64T66,53470.184309182354
ESP,68,150463.14394484923
ESP,69T75,63209.484802905936
ESP,77T82,57282.02391885147
ESP,84,80421.68807998397
ESP,85,67473.31428782706
ESP,86T88,87160.50688122195
ESP,90T93,26476.037371100712
ESP,94T98,36969.589454268964
EST,01T02,862.1618323838875
EST,03,53.98049546862499
EST,05T06,230.79611271107774
EST,07T08,92.59480946535888
EST,10T12,544.1611945430805
EST,13T15,251.4214462672499
EST,16,701.5080676338025
EST,17T18,203.4464574198043
EST,19,103.64130232544798
EST,20,170.49708451040328
EST,21,21.057347899915996
EST,22,176.39240596362748
EST,23,282.64371311203695
EST,24,24.90727757601877
EST,25,532.7350952828101
EST,26,246.49647246763766
EST,27,283.0809923927535
EST,28,191.65086779544225
EST,29T30,211.15740814936805
EST,31T33,564.3988815038952
EST,35,1014.994063019303
EST,36T39,189.67939501340138
EST,41T43,2120.396736050511
EST,45T47,3265.143301939139
EST,49,1046.543671318841
EST,50,199.6204221239866
EST,51,52.564713678295846
EST,52,1043.8879599921736
EST,53,84.08357129734071
EST,55T56,565.9414634923008
EST,58T60,215.13923814369772
EST,61,417.71726100151045
EST,62T63,1088.7045932285077
EST,64T66,1094.343297542297
EST,68,2922.178695892407
EST,69T75,1485.7326494673912
EST,77T82,1014.0117766785639
EST,84,1866.1227980814206
EST,85,1347.050332159446
EST,86T88,1163.8010106881957
EST,90T93,444.7628176434163
EST,94T98,257.43053076885883
FIN,01T02,6843.383722912671
FIN,03,153.71701863638566
FIN,05T06,272.82882847829234
FIN,07T08,1012.9063431830475
FIN,10T12,3375.516550579341
FIN,13T15,551.5502605275549
FIN,16,1804.1217671230688
FIN,17T18,5419.72259448634
FIN,19,2739.095785726491
FIN,20,3288.4037556226112
FIN,21,1883.289268249299
FIN,22,1398.2526616238142
FIN,23,1520.522535103666
FIN,24,2430.9372312129562
FIN,25,3463.7157176612864
FIN,26,4359.546817769633
FIN,27,2288.281284605908
FIN,28,6867.222316504967
FIN,29T30,1655.8312752830752
FIN,31T33,2864.7574865325464
FIN,35,5366.533292996179
FIN,36T39,2372.1164777877407
FIN,41T43,19357.506200924327
FIN,45T47,22444.114715231208
FIN,49,6979.853946527691
FIN,50,1051.4168310619327
FIN,51,1477.1634121129255
FIN,52,3316.5414077444075
FIN,53,880.8630968337402
FIN,55T56,4603.432836268753
FIN,58T60,4125.512074262154
FIN,61,2930.791205266968
FIN,62T63,7576.853049348892
FIN,64T66,8173.832346826192
FIN,68,31647.11543827387
FIN,69T75,12882.089980147495
FIN,77T82,9308.830559306727
FIN,84,14200.740976088066
FIN,85,12359.381679895161
FIN,86T88,23275.26051372144
FIN,90T93,3271.643270456098
FIN,94T98,4497.224482846722
FRA,01T02,47823.808253975054
FRA,03,1066.0009321153573
FRA,05T06,363.7457313297151
FRA,07T08,2078.6304778673243
FRA,10T12,53124.79551074054
FRA,13T15,6585.916747513564
FRA,16,4200.543772943525
FRA,17T18,11485.874494960488
FRA,19,7673.496562615532
FRA,20,29034.82145104371
FRA,21,15323.694080070181
FRA,22,13743.001281756297
FRA,23,10439.04801953146
FRA,24,9134.471937812708
FRA,25,24944.847737130665
FRA,26,15611.455849825223
FRA,27,8495.234833514829
FRA,28,15192.339087049895
FRA,29T30,39040.186303052586
FRA,31T33,36301.98604254713
FRA,35,50205.15521980252
FRA,36T39,20247.49681796185
FRA,41T43,153032.5944933146
FRA,45T47,267802.16070334625
FRA,49,59016.68356459529
FRA,50,3914.077532747131
FRA,51,11767.45418412558
FRA,52,38520.2345728422
FRA,53,10515.975138048274
FRA,55T56,75061.81307303796
FRA,58T60,32562.66612824407
FRA,61,32181.88607389829
FRA,62T63,75290.46678268892
FRA,64T66,106925.46748092587
FRA,68,323400.05926865025
FRA,69T75,217773.14299739833
FRA,77T82,151318.63571264897
FRA,84,197510.15955642087
FRA,85,134700.06889017046
FRA,86T88,231255.67930545978
FRA,90T93,37009.948921053845
FRA,94T98,38237.80683280892
GBR,01T02,17679.120605078977
GBR,03,802.4116122207472
GBR,05T06,26794.670944930327
GBR,07T08,2883.2445777662197
GBR,10T12,44508.55224791795
GBR,13T15,9651.853155553388
GBR,16,4112.9356015417015
GBR,17T18,13591.112475395894
GBR,19,5408.702502797496
GBR,20,16791.480407105366
GBR,21,17964.849950593107
GBR,22,11333.83539900645
GBR,23,8389.605518230775
GBR,24,5692.855766326504
GBR,25,22193.70318351004
GBR,26,18729.550077778633
GBR,27,6867.289817147299
GBR,28,22811.639618476373
GBR,29T30,45382.11602988081
GBR,31T33,25659.144527718538
GBR,35,41126.64267165467
GBR,36T39,34218.64386398893
GBR,41T43,185414.3104159857
GBR,45T47,280839.18768268835
GBR,49,44320.41841442621
GBR,50,10740.969226510444
GBR,51,12963.396270593676
GBR,52,33922.522994637686
GBR,53,16922.710600080125
GBR,55T56,79686.08669286506
GBR,58T60,45875.92380426085
GBR,61,47250.24184148787
GBR,62T63,81388.68737305605
GBR,64T66,186861.84363130992
GBR,68,348294.6969664797
GBR,69T75,199493.43359156445
GBR,77T82,140422.59301850974
GBR,84,131165.76709789957
GBR,85,147319.983715204
GBR,86T88,198764.51455360724
GBR,90T93,42948.84293711872
GBR,94T98,54252.72346102669
GRC,01T02,7811.137586942691
GRC,03,753.1468381348983
GRC,05T06,138.00575293276967
GRC,07T08,757.7031657567147
GRC,10T12,6475.678213281115
GRC,13T15,719.4328226843668
GRC,16,122.04146909356609
GRC,17T18,854.7805372019766
GRC,19,1921.558564842926
GRC,20,1363.366247913071
GRC,21,1015.0606472873301
GRC,22,796.4598908414841
GRC,23,1038.818066105702
GRC,24,1365.783523091598
GRC,25,1305.8889458239767
GRC,26,316.8420637697013
GRC,27,405.02268726408226
GRC,28,463.1505264971221
GRC,29T30,445.73882705404
GRC,31T33,891.3809309699909
GRC,35,6162.021395437436
GRC,36T39,2410.544492546929
GRC,41T43,2998.9821957313034
GRC,45T47,24795.472619316162
GRC,49,3698.394194258989
GRC,50,6661.415798493128
GRC,51,1075.3706224888886
GRC,52,3829.220949823278
GRC,53,648.9188552820451
GRC,55T56,13968.059575832882
GRC,58T60,930.1181230255809
GRC,61,3763.3259138110875
GRC,62T63,1630.9841812487944
GRC,64T66,10328.627278363005
GRC,68,31495.572237458346
GRC,69T75,6553.788511039151
GRC,77T82,3652.263896553173
GRC,84,19772.35975670413
GRC,85,10574.881559374728
GRC,86T88,8385.513824000007
GRC,90T93,3213.1046203766036
GRC,94T98,3588.4522724441576
HRV,01T02,1789.924279922966
HRV,03,167.95438410949566
HRV,05T06,155.5514791197162
HRV,07T08,115.76093249224448
HRV,10T12,2046.8573976390203
HRV,13T15,446.75098495220334
HRV,16,366.2275101454758
HRV,17T18,409.1271557822258
HRV,19,789.6480360058956
HRV,20,207.27044857717556
HRV,21,461.89472607104165
HRV,22,341.2177582582136
HRV,23,499.4847639040139
HRV,24,86.30411619846356
HRV,25,928.2276826294869
HRV,26,313.4028310211131
HRV,27,375.9883380555859
HRV,28,377.95327565882053
HRV,29T30,256.7743680579657
HRV,31T33,642.1613739500018
HRV,35,2469.379450544873
HRV,36T39,716.634514536672
HRV,41T43,3328.0813873814996
HRV,45T47,6527.6256869260615
HRV,49,1680.1609874079588
HRV,50,307.14771692427746
HRV,51,198.99540841668647
HRV,52,767.9392038684605
HRV,53,270.25736191417036
HRV,55T56,3376.1965341658224
HRV,58T60,474.3499417581644
HRV,61,999.5552250263587
HRV,62T63,1083.7586617145012
HRV,64T66,3174.1267512896347
HRV,68,4850.406613130339
HRV,69T75,3136.150075090378
HRV,77T82,1405.5527353205562
HRV,84,2949.586385927238
HRV,85,2529.930346598806
HRV,86T88,2648.6508205343243
HRV,90T93,1094.5314097316245
HRV,94T98,905.8091760312273
HUN,01T02,5957.322325126322
HUN,03,23.91133743508165
HUN,05T06,239.05173436799447
HUN,07T08,157.729731250992
HUN,10T12,3107.3351702334458
HUN,13T15,703.2107290298568
HUN,16,416.2924782816257
HUN,17T18,1015.4946076912561
HUN,19,1304.0735374034348
HUN,20,2233.37191788339
HUN,21,1861.4821591222335
HUN,22,2271.305097475645
HUN,23,1118.3284974807768
HUN,24,1073.6886129895206
HUN,25,2266.2007112783003
HUN,26,3242.273544500742
HUN,27,1534.7188376983954
HUN,28,2264.1864101169112
HUN,29T30,7571.697893529694
HUN,31T33,1923.1012406900309
HUN,35,2162.897630543272
HUN,36T39,1281.812108224339
HUN,41T43,7715.53318932595
HUN,45T47,15536.030530482662
HUN,49,5052.330070310779
HUN,50,31.55226311589736
HUN,51,1284.2047952504913
HUN,52,2739.6679370190254
HUN,53,645.3276578903657
HUN,55T56,2695.6837964036667
HUN,58T60,1479.8578195557757
HUN,61,1883.9519965254988
HUN,62T63,3608.3924890151748
HUN,64T66,4974.783879977956
HUN,68,10925.220803104077
HUN,69T75,8597.382154551253
HUN,77T82,5616.6714698830565
HUN,84,11113.15892833094
HUN,85,6090.5316106656455
HUN,86T88,6397.419542196821
HUN,90T93,2127.219799494103
HUN,94T98,2043.41175507646
IDN,01T02,106776.8105345951
IDN,03,27193.411466439058
IDN,05T06,57617.92361278397
IDN,07T08,28481.490742145965
IDN,10T12,56693.858621743304
IDN,13T15,21870.190169663852
IDN,16,5118.50566105609
IDN,17T18,9408.319638133053
IDN,19,21415.583726658326
IDN,20,13772.450817749974
IDN,21,1602.1784496602604
IDN,22,5991.841844441271
IDN,23,6035.007698379273
IDN,24,8094.887039545247
IDN,25,17036.781928059776
IDN,26,6820.347560609258
IDN,27,5767.848877786613
IDN,28,3136.0149954808476
IDN,29T30,24608.914451621717
IDN,31T33,5125.7270721852465
IDN,35,13208.419396446516
IDN,36T39,718.6417639146514
IDN,41T43,113003.20439684426
IDN,45T47,137679.78632468078
IDN,49,27272.18166530878
IDN,50,4865.467388956
IDN,51,18279.934733272952
IDN,52,6173.416319775699
IDN,53,1493.1587933645799
IDN,55T56,29582.291260322803
IDN,58T60,7163.587194280088
IDN,61,27300.535148264997
IDN,62T63,5136.632578113572
IDN,64T66,43361.085879948594
IDN,68,28618.52219512321
IDN,69T75,3306.820194898083
IDN,77T82,15643.611080241817
IDN,84,38552.046933142134
IDN,85,34023.01463929146
IDN,86T88,11281.228062673059
IDN,90T93,4876.602601042682
IDN,94T98,14115.87326950187
IND,01T02,409584.7854647594
IND,03,28546.678161621192
IND,05T06,47175.08581820235
IND,07T08,12788.506414991472
IND,10T12,47058.325699799665
IND,13T15,58657.475047029264
IND,16,7390.267031220912
IND,17T18,11667.549088308315
IND,19,38035.89735212206
IND,20,39328.43226143571
IND,21,30031.893898134873
IND,22,18073.13799464702
IND,23,29952.03831695905
IND,24,44800.9492240838
IND,25,20702.439961074364
IND,26,10978.907515554838
IND,27,17786.3949098819
IND,28,32249.00410315102
IND,29T30,55727.5828537958
IND,31T33,18886.879060413907
IND,35,62666.73103731831
IND,36T39,13964.480782526121
IND,41T43,230661.61717546615
IND,45T47,279711.7372344452
IND,49,113312.97198093495
IND,50,1495.5992864834034
IND,51,4791.025899556898
IND,52,22700.386420707313
IND,53,5860.527296468777
IND,55T56,24695.689400122246
IND,58T60,11136.280159184273
IND,61,25816.158438052436
IND,62T63,108952.06580634389
IND,64T66,138136.36047000234
IND,68,181811.8795677241
IND,69T75,10607.044636267781
IND,77T82,100269.92219187356
IND,84,156239.07540273838
IND,85,103888.22389714544
IND,86T88,44819.55088209106
IND,90T93,7380.816445056324
IND,94T98,52976.97742187526
IRL,01T02,3304.23175440643
IRL,03,205.87393806227954
IRL,05T06,54.55950993402169
IRL,07T08,728.4337909856047
IRL,10T12,10470.234480725696
IRL,13T15,186.66102029298048
IRL,16,323.6204935122505
IRL,17T18,642.0309466217545
IRL,19,12571.756317654708
IRL,20,15149.556625871992
IRL,21,44473.57484179102
IRL,22,1238.3791256580953
IRL,23,1646.3688787413778
IRL,24,380.77793966780155
IRL,25,1301.5956600180439
IRL,26,14398.863050775986
IRL,27,604.6049869725819
IRL,28,4813.755035776794
IRL,29T30,552.704323209362
IRL,31T33,21127.905983192046
IRL,35,3683.2298840812373
IRL,36T39,1528.7634908826224
IRL,41T43,10429.910321094289
IRL,45T47,28811.416519953207
IRL,49,3097.5175642238773
IRL,50,105.13779724228323
IRL,51,2159.9933478231414
IRL,52,1638.5694410235826
IRL,53,977.0552107415548
IRL,55T56,6527.666631911415
IRL,58T60,21622.308501044412
IRL,61,3690.349745018325
IRL,62T63,21288.978355760308
IRL,64T66,22656.03133144418
IRL,68,23366.679916098306
IRL,69T75,16747.87607662644
IRL,77T82,23273.800085205185
IRL,84,11973.507637818659
IRL,85,9675.881230922892
IRL,86T88,17232.603140755564
IRL,90T93,2941.868423980509
IRL,94T98,2062.716024874847
ISL,01T02,230.35540448997472
ISL,03,836.5116112509127
ISL,05T06,2.9334763077946073
ISL,07T08,29.865485904076156
ISL,10T12,1117.5071665234336
ISL,13T15,30.47725875995976
ISL,16,17.221716167351172
ISL,17T18,57.037813445562406
ISL,19,4.452467950610766
ISL,20,46.93180126510707
ISL,21,0.0
ISL,22,34.38537736752228
ISL,23,129.28090181129582
ISL,24,378.8981045118521
ISL,25,184.29415808158925
ISL,26,11.737952680580952
ISL,27,23.03833578247152
ISL,28,196.67395009359402
ISL,29T30,10.662286190569667
ISL,31T33,311.46857798603634
ISL,35,844.447007883994
ISL,36T39,205.17853573097295
ISL,41T43,1931.0695496873614
ISL,45T47,2199.1630921652077
ISL,49,325.6003175503198
ISL,50,213.4052684046087
ISL,51,787.349058134517
ISL,52,472.75763570057643
ISL,53,71.39564758772858
ISL,55T56,970.4937344380708
ISL,58T60,121.68986282027728
ISL,61,314.54307144783644
ISL,62T63,675.7884884500254
ISL,64T66,1412.4403572285867
ISL,68,2751.6715938230554
ISL,69T75,1050.9498028953735
ISL,77T82,1099.2458549666883
ISL,84,1303.2532670950663
ISL,85,1447.020602554236
ISL,86T88,1992.3624748030586
ISL,90T93,349.04679759146836
ISL,94T98,379.7813981217037
ISR,01T02,4494.990072377708
ISR,03,277.0403676173998
ISR,05T06,414.8850849786045
ISR,07T08,2781.890622980233
ISR,10T12,5387.06797341878
ISR,13T15,884.612549316497
ISR,16,216.27141257201464
ISR,17T18,1357.3087811354696
ISR,19,3894.998073994695
ISR,20,4527.184200229717
ISR,21,3655.673146909281
ISR,22,2402.5304500122575
ISR,23,1370.6563245945144
ISR,24,634.7016340280331
ISR,25,3558.283586318813
ISR,26,10077.148846792868
ISR,27,603.8873915187596
ISR,28,2031.499037433172
ISR,29T30,2109.7284084623643
ISR,31T33,2269.5354093269943
ISR,35,5773.719878385053
ISR,36T39,700.4311398447405
ISR,41T43,22356.267708035943
ISR,45T47,32976.96779728553
ISR,49,6496.730696301806
ISR,50,1231.1858407587542
ISR,51,3679.1388413168133
ISR,52,942.5960682354782
ISR,53,687.4148518638739
ISR,55T56,7434.324317633673
ISR,58T60,2049.7693406578082
ISR,61,6074.526333723527
ISR,62T63,23174.17098315289
ISR,64T66,16502.98177364983
ISR,68,51651.94345021335
ISR,69T75,25345.358793245538
ISR,77T82,12739.015703935784
ISR,84,20956.59886275687
ISR,85,22687.646899283118
ISR,86T88,20916.40140320932
ISR,90T93,6023.446900800599
ISR,94T98,4771.160134079442
ITA,01T02,42080.40915717522
ITA,03,1209.6354711536105
ITA,05T06,3814.8146957549234
ITA,07T08,1482.0592207423106
ITA,10T12,37382.600891349546
ITA,13T15,34314.30520788631
ITA,16,5887.23154291595
ITA,17T18,12852.88765255451
ITA,19,7014.90145514044
ITA,20,19662.2988411583
ITA,21,12155.31918598005
ITA,22,16277.459698694911
ITA,23,12396.0446834094
ITA,24,12651.622889844024
ITA,25,41152.23735907764
ITA,26,10654.500598838367
ITA,27,14633.81678819986
ITA,28,49345.69796828907
ITA,29T30,31746.08376185228
ITA,31T33,29926.44674162382
ITA,35,32904.05361837201
ITA,36T39,20666.43352145703
ITA,41T43,88599.31478331648
ITA,45T47,230872.2460135854
ITA,49,57147.47758187844
ITA,50,6419.690703519096
ITA,51,4346.534185044914
ITA,52,37889.22706721221
ITA,53,3639.0470488361916
ITA,55T56,76253.23921939761
ITA,58T60,11551.070079300047
ITA,61,22075.545479703324
ITA,62T63,39010.20078291834
ITA,64T66,94086.58106939205
ITA,68,255498.52567474727
ITA,69T75,123640.68141654368
ITA,77T82,64436.08829525884
ITA,84,125322.75763593873
ITA,85,77651.61746798322
ITA,86T88,115381.12440147392
ITA,90T93,24411.74569504147
ITA,94T98,56196.127585696624
JPN,01T02,45061.73273991518
JPN,03,6987.7401588962
JPN,05T06,1515.6907373681427
JPN,07T08,1988.3266783414983
JPN,10T12,122353.52316202974
JPN,13T15,14371.344066846159
JPN,16,8777.761046521015
JPN,17T18,44108.30130717965
JPN,19,25633.490851855808
JPN,20,65194.156070514815
JPN,21,38783.322939455946
JPN,22,51285.2630179992
JPN,23,29865.145158173727
JPN,24,108933.50429105302
JPN,25,50796.711815476716
JPN,26,81850.77872983686
JPN,27,67676.97481043263
JPN,28,154483.3364422732
JPN,29T30,151738.31887701782
JPN,31T33,71908.39773848852
JPN,35,69064.5017825398
JPN,36T39,73771.77738415002
JPN,41T43,265148.38631544274
JPN,45T47,633391.2979251116
JPN,49,160275.8680242774
JPN,50,11702.80419648123
JPN,51,7211.219534085529
JPN,52,66667.55928653025
JPN,53,10210.658537311007
JPN,55T56,129410.87976671106
JPN,58T60,44154.743854875436
JPN,61,85387.42313019176
JPN,62T63,107746.25401952562
JPN,64T66,196624.9409202641
JPN,68,558756.8459497961
JPN,69T75,221028.9158325086
JPN,77T82,169080.77533498593
JPN,84,236850.9797196052
JPN,85,164258.38814234943
JPN,86T88,369909.98194830236
JPN,90T93,44805.47690991498
JPN,94T98,61981.45446280118
KAZ,01T02,7711.816752575171
KAZ,03,323.76560198019314
KAZ,05T06,23814.81709461146
KAZ,07T08,4989.1529808486985
KAZ,10T12,4634.950684077404
KAZ,13T15,225.03281710705824
KAZ,16,43.8592901648431
KAZ,17T18,215.2858086380293
KAZ,19,1898.4579818098932
KAZ,20,697.3087081211474
KAZ,21,484.88476035221584
KAZ,22,322.333957780789
KAZ,23,1036.0882515411424
KAZ,24,7339.10996948156
KAZ,25,423.33985528167534
KAZ,26,43.70661869398795
KAZ,27,244.96580745699947
KAZ,28,237.19864500177158
KAZ,29T30,465.38022562038316
KAZ,31T33,958.7947320192807
KAZ,35,2976.760210811391
KAZ,36T39,458.4989391414126
KAZ,41T43,9798.281967988327
KAZ,45T47,30304.313003182477
KAZ,49,11693.039111907648
KAZ,50,72.19145821350355
KAZ,51,728.3223740560406
KAZ,52,2391.6645609376405
KAZ,53,167.09895822617926
KAZ,55T56,2099.619284785489
KAZ,58T60,571.5380251097532
KAZ,61,2277.4746463113756
KAZ,62T63,630.3958412902814
KAZ,64T66,6012.910722944385
KAZ,68,14011.308948729169
KAZ,69T75,8078.346833537623
KAZ,77T82,4034.1043206457766
KAZ,84,2951.962157576195
KAZ,85,5041.141806108046
KAZ,86T88,3706.9434979631205
KAZ,90T93,1403.376848658589
KAZ,94T98,5309.921041706534
KHM,01T02,4260.383923950021
KHM,03,1692.2990774154478
KHM,05T06,68.01250626824597
KHM,07T08,289.8392602864661
KHM,10T12,631.9354151733814
KHM,13T15,4103.163716627644
KHM,16,547.420399371482
KHM,17T18,115.27985446780863
KHM,19,92.81683650914132
KHM,20,61.95917542074383
KHM,21,35.69192573626494
KHM,22,103.10083523121983
KHM,23,48.92899905348219
KHM,24,164.2848420360483
KHM,25,119.15471470592396
KHM,26,202.16838891666072
KHM,27,81.53772863500271
KHM,28,105.2983549394452
KHM,29T30,277.04739911475025
KHM,31T33,119.74098821543754
KHM,35,81.06791936210925
KHM,36T39,100.72260530576051
KHM,41T43,1887.0165057535821
KHM,45T47,2093.8195338597184
KHM,49,622.6049662106143
KHM,50,93.35292752111502
KHM,51,93.26425401652176
KHM,52,350.8058127265247
KHM,53,145.9167327417519
KHM,55T56,1038.1198494855148
KHM,58T60,135.3173127070644
KHM,61,424.2880749005946
KHM,62T63,83.799609605829
KHM,64T66,374.91436594093636
KHM,68,869.8231582846644
KHM,69T75,264.1738777091067
KHM,77T82,195.77585092011125
KHM,84,332.1783801364332
KHM,85,338.49101445841615
KHM,86T88,573.7349464887582
KHM,90T93,222.07727415587777
KHM,94T98,324.727546997956
KOR,01T02,27682.20438030448
KOR,03,3240.0034870088457
KOR,05T06,287.0665925816172
KOR,07T08,1671.3576317366758
KOR,10T12,23345.225198880595
KOR,13T15,15509.362350583608
KOR,16,2131.168079031836
KOR,17T18,12020.300245238941
KOR,19,21598.415762416844
KOR,20,42409.45798415231
KOR,21,8171.172779953231
KOR,22,24450.84818292783
KOR,23,12436.99652993463
KOR,24,28173.41791724904
KOR,25,33718.17177932259
KOR,26,138489.72193347404
KOR,27,27626.613121314418
KOR,28,41781.81824076142
KOR,29T30,49960.52550153388
KOR,31T33,11254.419883557977
KOR,35,25120.917025052935
KOR,36T39,10702.89179348258
KOR,41T43,96509.35921064232
KOR,45T47,129525.49257633547
KOR,49,27424.209379436612
KOR,50,3202.639560792446
KOR,51,6593.447688446227
KOR,52,17472.502394577125
KOR,53,3487.4134726859447
KOR,55T56,45423.785320475916
KOR,58T60,26861.08106775386
KOR,61,17826.897447338208
KOR,62T63,29629.825834278687
KOR,64T66,102381.2914255581
KOR,68,127819.85464360044
KOR,69T75,100583.22053617366
KOR,77T82,56844.83179821751
KOR,84,105489.49989479288
KOR,85,84120.9796854878
KOR,86T88,77186.48680684235
KOR,90T93,17345.163359494225
KOR,94T98,22353.600583792035
LAO,01T02,3142.780695745095
LAO,03,511.0192716672234
LAO,05T06,160.6292182255566
LAO,07T08,1166.5533128905786
LAO,10T12,333.92484097419947
LAO,13T15,247.67626145379586
LAO,16,178.0967812006631
LAO,17T18,4.170503858375493
LAO,19,86.95101400847122
LAO,20,39.72459472789199
LAO,21,21.963163963721602
LAO,22,15.485175875949075
LAO,23,166.747739889709
LAO,24,491.0274679469969
LAO,25,59.01964924811972
LAO,26,6.7908494466786955
LAO,27,4.4353072815508305
LAO,28,0.28039360570866545
LAO,29T30,3.0356962060688755
LAO,31T33,115.77980568645717
LAO,35,1105.893126092692
LAO,36T39,48.25152630156509
LAO,41T43,1447.2219470531077
LAO,45T47,2433.03400479525
LAO,49,329.348482677988
LAO,50,44.80438560158065
LAO,51,50.82518351512053
LAO,52,19.420483870792175
LAO,53,52.68411649560016
LAO,55T56,457.52981978474963
LAO,58T60,42.53467221598193
LAO,61,258.51786435986565
LAO,62T63,42.64771736804042
LAO,64T66,660.8155986605311
LAO,68,895.8751751821076
LAO,69T75,147.84547953618426
LAO,77T82,78.53829228558277
LAO,84,1761.771967542195
LAO,85,254.3816219222918
LAO,86T88,82.80517732429
LAO,90T93,77.0829193239835
LAO,94T98,273.8524221744299
LTU,01T02,1631.1226774231413
LTU,03,42.61345356965726
LTU,05T06,101.45423530441134
LTU,07T08,48.564433989369405
LTU,10T12,1914.9531446045203
LTU,13T15,692.4479568824398
LTU,16,654.9508461246498
LTU,17T18,444.6485715251539
LTU,19,448.668201227335
LTU,20,719.5706580039082
LTU,21,103.26986530578961
LTU,22,576.5548681937213
LTU,23,331.0312973023542
LTU,24,28.658566762669942
LTU,25,546.5708859011684
LTU,26,263.1338472224978
LTU,27,181.79201934534592
LTU,28,287.59238967095223
LTU,29T30,329.43616787711477
LTU,31T33,1662.413260520599
LTU,35,900.3083893779333
LTU,36T39,508.0698608202437
LTU,41T43,3473.442978839401
LTU,45T47,8759.731813798837
LTU,49,4431.5314096395105
LTU,50,117.86199493173362
LTU,51,117.1523868227975
LTU,52,1637.1098323459519
LTU,53,117.93627951799998
LTU,55T56,880.671997769899
LTU,58T60,268.8044831837469
LTU,61,573.203713789504
LTU,62T63,1044.0077505078712
LTU,64T66,1111.2739747812384
LTU,68,3208.8800189858566
LTU,69T75,1960.007373691068
LTU,77T82,1619.6649048290658
LTU,84,2842.6091305319837
LTU,85,2165.553269854712
LTU,86T88,2074.0457704132486
LTU,90T93,582.053006113038
LTU,94T98,515.708063992631
LVA,01T02,1343.8294418061366
LVA,03,42.34691741639891
LVA,05T06,1.7116234535421944
LVA,07T08,154.0141960201574
LVA,10T12,766.1190961074594
LVA,13T15,206.31201912343596
LVA,16,947.8800111847422
LVA,17T18,159.03637683869943
LVA,19,1.1936445776673195
LVA,20,137.85728647609295
LVA,21,110.15111480574886
LVA,22,101.42852669302923
LVA,23,280.8537118850395
LVA,24,7.776361268684752
LVA,25,327.6778306234744
LVA,26,145.87956454992212
LVA,27,134.05324691977722
LVA,28,129.24578590506778
LVA,29T30,142.87052785831833
LVA,31T33,338.1708885907842
LVA,35,899.5343603184817
LVA,36T39,289.542373880132
LVA,41T43,2276.2360984205134
LVA,45T47,4382.918490945101
LVA,49,1511.07676154102
LVA,50,63.357566236381544
LVA,51,262.56020226701196
LVA,52,1283.416310568036
LVA,53,105.35542688437911
LVA,55T56,616.9247422136752
LVA,58T60,182.0971170474529
LVA,61,564.9154578361812
LVA,62T63,1052.2561105621426
LVA,64T66,1156.083110422603
LVA,68,3776.599663964776
LVA,69T75,1425.7392717227408
LVA,77T82,999.4045811396173
LVA,84,2339.214493138459
LVA,85,1458.2350585920258
LVA,86T88,1167.744215226943
LVA,90T93,612.3175663148534
LVA,94T98,335.9448839928564
MAR,01T02,13774.019860594759
MAR,03,1111.1031648893131
MAR,05T06,528.4422342966236
MAR,07T08,2505.204514722282
MAR,10T12,7305.684116522369
MAR,13T15,2314.4159640164803
MAR,16,197.9121297135374
MAR,17T18,433.72086838727796
MAR,19,0.4284867225658111
MAR,20,2721.586794305539
MAR,21,1035.9420381741252
MAR,22,114.44791042862164
MAR,23,1429.6917335849666
MAR,24,751.6001055172007
MAR,25,785.80183855104
MAR,26,181.5131691561469
MAR,27,1384.4839501030988
MAR,28,94.5785486091402
MAR,29T30,1488.7002917111586
MAR,31T33,686.6794794008706
MAR,35,2794.545151676867
MAR,36T39,490.5541081713204
MAR,41T43,6398.267611496542
MAR,45T47,9474.908096830986
MAR,49,2147.9556017167342
MAR,50,307.64724267434525
MAR,51,238.91846531859937
MAR,52,1220.0243978829126
MAR,53,502.9209748791686
MAR,55T56,2530.485696761859
MAR,58T60,313.1389416031053
MAR,61,1924.8061435905126
MAR,62T63,1186.952670693565
MAR,64T66,5090.818431055056
MAR,68,5312.394963387486
MAR,69T75,3263.3701888218234
MAR,77T82,1701.7744920916896
MAR,84,10093.83582322203
MAR,85,8299.81181613077
MAR,86T88,3729.7065097685736
MAR,90T93,337.04507780728784
MAR,94T98,968.9046489717855
MEX,01T02,40184.5693751639
MEX,03,1295.2525375063906
MEX,05T06,37338.01560150783
MEX,07T08,12523.625006951203
MEX,10T12,54662.19329124021
MEX,13T15,8583.340363095289
MEX,16,1701.2682728532095
MEX,17T18,5196.310727940618
MEX,19,7885.6457209463915
MEX,20,11092.090041182826
MEX,21,4007.58542362741
MEX,22,6372.396141900788
MEX,23,5497.892834086948
MEX,24,13521.880864318253
MEX,25,7375.692506936128
MEX,26,19049.207886512144
MEX,27,7081.083088446085
MEX,28,9426.743600605814
MEX,29T30,56687.36905429512
MEX,31T33,7372.282643985154
MEX,35,20281.109467690636
MEX,36T39,4426.570468521957
MEX,41T43,91772.9627104286
MEX,45T47,233955.02717109077
MEX,49,63335.08039460537
MEX,50,983.4696681061674
MEX,51,2620.1886484957868
MEX,52,9641.95036220377
MEX,53,1581.1872128426558
MEX,55T56,28081.26520181441
MEX,58T60,4605.919031431548
MEX,61,14906.956344129187
MEX,62T63,1346.8521984198085
MEX,64T66,50478.26878171208
MEX,68,114723.57510989385
MEX,69T75,28696.116995044824
MEX,77T82,44714.13031676271
MEX,84,46174.51663282727
MEX,85,44941.51768553247
MEX,86T88,27211.126343636373
MEX,90T93,5129.082073419118
MEX,94T98,16063.455827113812
MLT,01T02,93.22513615667052
MLT,03,41.1818403087878
MLT,05T06,15.505036931120642
MLT,07T08,17.62438969963556
MLT,10T12,206.77617171045648
MLT,13T15,16.772772813606633
MLT,16,11.073425403239984
MLT,17T18,94.68288039033061
MLT,19,0.09668027568464577
MLT,20,14.352734999337748
MLT,21,39.65448963064293
MLT,22,86.20051446788763
MLT,23,55.67746123464977
MLT,24,0.7155743727164419
MLT,25,57.41350450905256
MLT,26,200.16615711740872
MLT,27,22.772366448692352
MLT,28,10.909321286513428
MLT,29T30,79.15988133001765
MLT,31T33,290.12147438565705
MLT,35,122.26910326770303
MLT,36T39,102.57580368718729
MLT,41T43,568.0753557253516
MLT,45T47,1304.2370559502053
MLT,49,120.41513923875573
MLT,50,50.80135415314689
MLT,51,113.03854068932446
MLT,52,603.7283779350571
MLT,53,47.68918827761192
MLT,55T56,679.949876744845
MLT,58T60,100.69025912151642
MLT,61,314.4978146988981
MLT,62T63,532.8951323630757
MLT,64T66,1055.7594893958194
MLT,68,688.5963165421333
MLT,69T75,1086.1302059570248
MLT,77T82,928.7582937524617
MLT,84,727.9951178342305
MLT,85,696.2994876832636
MLT,86T88,760.6338951000379
MLT,90T93,1929.9330181756568
MLT,94T98,148.0646159958153
MMR,01T02,24047.265788060668
MMR,03,4817.411582805661
MMR,05T06,2186.8000678687863
MMR,07T08,816.7667179362788
MMR,10T12,3473.9724774708848
MMR,13T15,2715.2395262731343
MMR,16,390.5129155557554
MMR,17T18,389.5970740477452
MMR,19,754.8715597084574
MMR,20,487.8990311545367
MMR,21,276.5992518966069
MMR,22,315.30878203974703
MMR,23,528.7103262805612
MMR,24,499.5690879485169
MMR,25,429.69481070494646
MMR,26,398.4686466481562
MMR,27,255.21306960514892
MMR,28,365.67301601858867
MMR,29T30,649.1973659096363
MMR,31T33,725.771867075073
MMR,35,360.80320586498465
MMR,36T39,80.29321394871195
MMR,41T43,2642.557041068305
MMR,45T47,5834.751824403118
MMR,49,1582.6294771347696
MMR,50,583.5536588988367
MMR,51,483.78809551139466
MMR,52,516.7643921414555
MMR,53,91.09278733787085
MMR,55T56,1702.7653508715343
MMR,58T60,319.9788379217953
MMR,61,1340.2741515083485
MMR,62T63,217.0016317303279
MMR,64T66,1547.8430019307864
MMR,68,1985.6108990469188
MMR,69T75,1150.9623364871768
MMR,77T82,754.2367812960894
MMR,84,2258.297029381477
MMR,85,1352.5595190265633
MMR,86T88,1638.8852068562253
MMR,90T93,278.57553734709995
MMR,94T98,475.3282506317606
NLD,01T02,15574.404379591837
NLD,03,432.3747662517526
NLD,05T06,8165.771692351699
NLD,07T08,539.5843665129483
NLD,10T12,20909.7864653609
NLD,13T15,1472.82437975431
NLD,16,1400.78278166469
NLD,17T18,4312.039069742355
NLD,19,3568.662821814334
NLD,20,17133.75774611721
NLD,21,3228.91179903562
NLD,22,3896.901310851318
NLD,23,2692.3413973605966
NLD,24,3037.53144564213
NLD,25,9310.657442238402
NLD,26,6072.4549810386015
NLD,27,3752.8126895593878
NLD,28,14877.694933847633
NLD,29T30,7547.578828266382
NLD,31T33,11231.660799494666
NLD,35,10426.701814441396
NLD,36T39,5543.500709271767
NLD,41T43,44836.36288516046
NLD,45T47,116714.6231296714
NLD,49,16814.867906903644
NLD,50,3837.5635295363
NLD,51,5996.752141310524
NLD,52,15164.656996614032
NLD,53,2664.9679830659843
NLD,55T56,18099.566536633905
NLD,58T60,6632.182450172459
NLD,61,9367.116771055495
NLD,62T63,27032.924948227686
NLD,64T66,56176.40970841202
NLD,68,62458.61854366355
NLD,69T75,70101.23279832113
NLD,77T82,61071.65817217099
NLD,84,59233.04124342619
NLD,85,40860.63383948287
NLD,86T88,75695.25369948073
NLD,90T93,9781.09197996361
NLD,94T98,10483.332060790988
NOR,01T02,2709.58260470017
NOR,03,6010.302053138438
NOR,05T06,75038.02978298397
NOR,07T08,785.8988804576472
NOR,10T12,5886.576966053031
NOR,13T15,545.7208257934741
NOR,16,1263.1809206746543
NOR,17T18,997.0124939426862
NOR,19,902.8769795541175
NOR,20,2250.43423672303
NOR,21,1130.5541031495372
NOR,22,538.082252425339
NOR,23,1456.9588902263695
NOR,24,2469.144895238973
NOR,25,2211.1407460654013
NOR,26,1203.2865130652372
NOR,27,920.8987200268023
NOR,28,2087.504551316992
NOR,29T30,2579.2831072004064
NOR,31T33,3004.585184727553
NOR,35,10668.83287757293
NOR,36T39,3001.882366962736
NOR,41T43,29155.616662218403
NOR,45T47,31730.19768391194
NOR,49,7445.0729446107825
NOR,50,5446.547058959368
NOR,51,1513.2998662751693
NOR,52,3769.176908237495
NOR,53,1241.0025380631487
NOR,55T56,5866.503282512349
NOR,58T60,4190.713993856059
NOR,61,4405.91093759945
NOR,62T63,7930.2315030864265
NOR,64T66,19182.572108297194
NOR,68,30347.02034061701
NOR,69T75,18091.92262071369
NOR,77T82,11363.37762183258
NOR,84,26919.38645907359
NOR,85,20731.391523194696
NOR,86T88,43628.98919530875
NOR,90T93,3842.621859515081
NOR,94T98,4209.449333867696
NZL,01T02,10319.665270218753
NZL,03,1897.400358710816
NZL,05T06,1035.6811158287617
NZL,07T08,987.6739391760085
NZL,10T12,8227.889195020784
NZL,13T15,492.05966653167866
NZL,16,1134.4967144752295
NZL,17T18,1117.7776999988187
NZL,19,1543.4928942879392
NZL,20,808.4506467597589
NZL,21,225.4821191813361
NZL,22,1035.273498872275
NZL,23,851.8585283184802
NZL,24,659.9075404664088
NZL,25,1693.5614564963903
NZL,26,634.0117281020741
NZL,27,632.1021111942351
NZL,28,1417.6672025443143
NZL,29T30,993.165016817652
NZL,31T33,556.394804797219
NZL,35,4549.509088222561
NZL,36T39,1560.2914136319043
NZL,41T43,14863.176381065525
NZL,45T47,19900.721612797493
NZL,49,3884.7382690756613
NZL,50,345.9159953068671
NZL,51,1849.436435536245
NZL,52,3087.024649499109
NZL,53,674.7656850910889
NZL,55T56,5038.647443526881
NZL,58T60,1379.0893970024197
NZL,61,1255.8083458169997
NZL,62T63,2237.19027327448
NZL,64T66,12154.580105537669
NZL,68,27604.668874125688
NZL,69T75,16767.707072901496
NZL,77T82,6705.013705233633
NZL,84,8364.18614861611
NZL,85,8953.481614359853
NZL,86T88,12643.988265782318
NZL,90T93,2810.412939029026
NZL,94T98,3925.88580050523
PER,01T02,14321.683721781983
PER,03,1013.2965445749862
PER,05T06,6621.506828311668
PER,07T08,13280.009561101931
PER,10T12,8643.320798116529
PER,13T15,3373.044192837079
PER,16,671.500513098331
PER,17T18,2130.6323116578424
PER,19,2557.8892538613327
PER,20,2135.5672986972622
PER,21,495.50587719316496
PER,22,1362.5025631693534
PER,23,2639.323681983023
PER,24,2717.7813690751627
PER,25,1882.7775020178042
PER,26,86.69520367186311
PER,27,415.90601111219394
PER,28,980.1474145702473
PER,29T30,906.9681461642269
PER,31T33,2859.5400450705133
PER,35,3426.8465457955936
PER,36T39,887.5509486364228
PER,41T43,16489.37078802439
PER,45T47,24278.773692471805
PER,49,9968.865237492966
PER,50,259.6843454835529
PER,51,832.7483854337363
PER,52,2930.3543716804893
PER,53,283.00618116411385
PER,55T56,9995.243094534271
PER,58T60,1220.9126500438842
PER,61,3249.868933973191
PER,62T63,623.0714865342054
PER,64T66,10985.718147491803
PER,68,9058.687654952824
PER,69T75,5473.015264760583
PER,77T82,5924.409174290653
PER,84,12599.671100633812
PER,85,10595.195692049025
PER,86T88,6217.258632204402
PER,90T93,1295.1719398327268
PER,94T98,4730.962149395809
PHL,01T02,36568.013241176894
PHL,03,5767.365185652216
PHL,05T06,1715.4331395123186
PHL,07T08,2373.930715836443
PHL,10T12,31264.33751411739
PHL,13T15,4862.929763935474
PHL,16,769.5064012582538
PHL,17T18,941.9572861178781
PHL,19,4358.636254954401
PHL,20,2919.3339247011672
PHL,21,510.5945024186067
PHL,22,975.4156590048278
PHL,23,1633.1073752258576
PHL,24,1464.0645544394401
PHL,25,968.4607888976757
PHL,26,11884.645581653178
PHL,27,2952.513829690245
PHL,28,769.722743075936
PHL,29T30,2110.1741434670967
PHL,31T33,1614.7359321583062
PHL,35,14183.148477822366
PHL,36T39,1508.16554169448
PHL,41T43,12534.196296271777
PHL,45T47,47643.471695086904
PHL,49,7857.427439713507
PHL,50,1113.710755626874
PHL,51,1739.2887519943874
PHL,52,2110.7988233103015
PHL,53,229.84981825951905
PHL,55T56,9492.523676528603
PHL,58T60,1540.459264779141
PHL,61,5593.482540710536
PHL,62T63,4612.205264106138
PHL,64T66,24368.24535032305
PHL,68,16687.73658029306
PHL,69T75,2722.1970618057635
PHL,77T82,9589.798316471813
PHL,84,12583.354200717695
PHL,85,11410.936646371909
PHL,86T88,3264.3916366104477
PHL,90T93,4117.178155219023
PHL,94T98,6662.747982769284
POL,01T02,14749.682877670395
POL,03,102.77373475414957
POL,05T06,6189.456643038642
POL,07T08,3059.4780939425036
POL,10T12,20348.464536809865
POL,13T15,3313.493405726449
POL,16,3925.8702366187517
POL,17T18,5637.85525228382
POL,19,3926.9439571870644
POL,20,5021.9222559321115
POL,21,2441.649156220139
POL,22,8305.756464494723
POL,23,6445.01800254314
POL,24,3361.7597094686625
POL,25,11935.805397347198
POL,26,2637.519249515104
POL,27,4386.598252070784
POL,28,5051.342050974386
POL,29T30,12773.685476176019
POL,31T33,11799.516474388558
POL,35,15057.910403783424
POL,36T39,7144.5794733580415
POL,41T43,42089.964734610156
POL,45T47,94543.87959884905
POL,49,28608.96165173636
POL,50,235.1498476900291
POL,51,1014.7904413780143
POL,52,11752.05754335059
POL,53,1699.4177150347014
POL,55T56,7477.426802605405
POL,58T60,4455.622545753962
POL,61,6150.04652168545
POL,62T63,12057.012970013193
POL,64T66,22205.25530373196
POL,68,26543.789576754836
POL,69T75,31246.94493612291
POL,77T82,14238.25288057899
POL,84,28647.882277222874
POL,85,23928.34965786879
POL,86T88,23650.301467838784
POL,90T93,4304.340857321481
POL,94T98,7883.241020640467
PRT,01T02,4786.69211533592
PRT,03,439.75353724934587
PRT,05T06,24.06074177762109
PRT,07T08,777.9197267244435
PRT,10T12,5504.38153788325
PRT,13T15,5776.105507874361
PRT,16,1257.2057902350607
PRT,17T18,1967.5195597393758
PRT,19,1322.6824008951062
PRT,20,1260.6353405875398
PRT,21,746.984223004265
PRT,22,1655.777587118766
PRT,23,1981.9566693889528
PRT,24,609.6066300469552
PRT,25,3096.4453662285896
PRT,26,749.5489106692057
PRT,27,846.2574881272544
PRT,28,1128.1171847978667
PRT,29T30,3569.0896381788516
PRT,31T33,2602.9001439004774
PRT,35,6221.8066086462
PRT,36T39,2104.9823899218186
PRT,41T43,9568.577577230026
PRT,45T47,30272.12753773731
PRT,49,5297.545791521919
PRT,50,194.90289549475722
PRT,51,2118.3850266534455
PRT,52,4531.774338011281
PRT,53,607.8892594951219
PRT,55T56,12914.595018838196
PRT,58T60,1328.5019352114273
PRT,61,3007.4019485512395
PRT,62T63,3504.7213718546627
PRT,64T66,10648.636588514757
PRT,68,26355.747647099204
PRT,69T75,8655.56721343387
PRT,77T82,8619.92692061958
PRT,84,14866.060496918124
PRT,85,12112.123184682769
PRT,86T88,13994.8065754044
PRT,90T93,2153.6478814055613
PRT,94T98,4294.095779970187
ROU,01T02,10697.63868558848
ROU,03,277.6384826720736
ROU,05T06,1733.2823837793355
ROU,07T08,155.47461897402428
ROU,10T12,11634.505573377293
ROU,13T15,3896.473704427938
ROU,16,1415.490124207191
ROU,17T18,1086.0933223017335
ROU,19,2796.9493087438705
ROU,20,1374.2422597445639
ROU,21,299.24747976429455
ROU,22,2156.1301554243864
ROU,23,1729.761733503768
ROU,24,2150.8650458385764
ROU,25,2342.352827178471
ROU,26,1264.9173298387352
ROU,27,2703.5982708672736
ROU,28,2181.451208876279
ROU,29T30,8190.728562286324
ROU,31T33,3387.509533359821
ROU,35,6505.724174296269
ROU,36T39,1999.2981919568329
ROU,41T43,14024.029316584736
ROU,45T47,25861.09335071315
ROU,49,12108.346530492507
ROU,50,464.21805612911135
ROU,51,294.3752800088323
ROU,52,2993.585729492641
ROU,53,571.8517800445401
ROU,55T56,4722.444365571458
ROU,58T60,2099.0895097516413
ROU,61,3126.14792197247
ROU,62T63,8157.05468788359
ROU,64T66,6097.15757597006
ROU,68,18258.441664331047
ROU,69T75,12992.738084564739
ROU,77T82,6436.995283527533
ROU,84,13520.539124606323
ROU,85,8530.643223217914
ROU,86T88,10780.265474704895
ROU,90T93,3581.4706770856988
ROU,94T98,4529.300124915646
ROW,01T02,670835.3983974014
ROW,03,55360.716956123084
ROW,05T06,770729.7321245316
ROW,07T08,118340.34224189165
ROW,10T12,183453.9637127943
ROW,13T15,110809.15255374796
ROW,16,17525.318482829287
ROW,17T18,29102.77872998787
ROW,19,88230.26290198357
ROW,20,60358.51890710229
ROW,21,30158.6086940189
ROW,22,22844.84137867276
ROW,23,48559.56925575227
ROW,24,50519.52894732525
ROW,25,31239.58927063743
ROW,26,26939.877657899407
ROW,27,20854.836091447825
ROW,28,31449.32262551799
ROW,29T30,52109.576263000636
ROW,31T33,43728.20582264838
ROW,35,116423.0253147089
ROW,36T39,34308.65893567005
ROW,41T43,335176.6042354746
ROW,45T47,612171.7260574732
ROW,49,155761.26110471715
ROW,50,37025.79956982554
ROW,51,35420.88714958147
ROW,52,50902.669150636815
ROW,53,13070.640825993934
ROW,55T56,129299.25400757756
ROW,58T60,50829.46560230199
ROW,61,114970.37240761062
ROW,62T63,47480.07536529792
ROW,64T66,203535.5271604563
ROW,68,347270.07538648596
ROW,69T75,135677.3956037934
ROW,77T82,79803.04864935855
ROW,84,362112.9398854803
ROW,85,223292.51910396872
ROW,86T88,170647.87671150698
ROW,90T93,35053.04695747253
ROW,94T98,103895.34138543316
RUS,01T02,54801.19436303618
RUS,03,4485.366722919407
RUS,05T06,180392.25868332846
RUS,07T08,19671.41173521032
RUS,10T12,34812.95358504125
RUS,13T15,4238.175584245946
RUS,16,4441.179111402347
RUS,17T18,7430.708672990308
RUS,19,75578.28152346314
RUS,20,18232.413991068493
RUS,21,4199.005420829667
RUS,22,4619.516667326552
RUS,23,8653.238650275678
RUS,24,39642.0785889712
RUS,25,12049.14675757231
RUS,26,8886.746566945618
RUS,27,4215.600489516224
RUS,28,5929.852518611189
RUS,29T30,22535.97686862239
RUS,31T33,11462.371726878264
RUS,35,52358.34645900273
RUS,36T39,7910.0774560599
RUS,41T43,90150.0053001571
RUS,45T47,210764.52176626236
RUS,49,64898.35554411243
RUS,50,1969.9650230229972
RUS,51,6630.955018295983
RUS,52,28603.78900296557
RUS,53,2722.1574285644037
RUS,55T56,13584.482396572388
RUS,58T60,5148.581907014278
RUS,61,15900.77192260734
RUS,62T63,17194.47052937792
RUS,64T66,64858.832586395925
RUS,68,141602.23341238697
RUS,69T75,62550.11996239575
RUS,77T82,34444.477028723835
RUS,84,112963.04092511974
RUS,85,47316.968322576504
RUS,86T88,51330.274439865505
RUS,90T93,14611.784063169292
RUS,94T98,18323.003143764832
SAU,01T02,16969.38919755081
SAU,03,277.32172745544
SAU,05T06,227906.70056726734
SAU,07T08,3489.960207092192
SAU,10T12,13693.1687607557
SAU,13T15,2861.3049394286427
SAU,16,996.0139094012029
SAU,17T18,3840.986597679592
SAU,19,26727.729439248382
SAU,20,25062.050753129915
SAU,21,364.31644542632
SAU,22,2582.880850304885
SAU,23,5133.133824914484
SAU,24,4294.072144886675
SAU,25,5163.397649091265
SAU,26,114.19833850920008
SAU,27,3561.362485050686
SAU,28,1694.6478951149402
SAU,29T30,1206.6453306495343
SAU,31T33,3612.393452935422
SAU,35,11455.846539023289
SAU,36T39,1695.589170895781
SAU,41T43,40345.53023847677
SAU,45T47,60895.18971848708
SAU,49,5330.921838663689
SAU,50,750.2643890047993
SAU,51,6243.458731016311
SAU,52,5392.699722859793
SAU,53,311.80985306862135
SAU,55T56,7783.796764121645
SAU,58T60,827.5015999325716
SAU,61,25776.468159927204
SAU,62T63,858.4782987014179
SAU,64T66,28007.162964252173
SAU,68,53190.79031974246
SAU,69T75,6479.698380320533
SAU,77T82,11844.96850505087
SAU,84,71475.68220604873
SAU,85,48586.70105777619
SAU,86T88,25400.921886414417
SAU,90T93,5057.696427556664
SAU,94T98,11388.929490439019
SGP,01T02,25657.818252845915
SGP,03,2809.519915279208
SGP,05T06,32696.636361078687
SGP,07T08,1616.7932647106838
SGP,10T12,11207.74308545934
SGP,13T15,1983.4278964942605
SGP,16,1632.9391899224684
SGP,17T18,3588.9240957095426
SGP,19,14427.385300478258
SGP,20,24248.837871049298
SGP,21,5924.239243183919
SGP,22,3957.2619633155737
SGP,23,2761.178983046031
SGP,24,2613.0754684457424
SGP,25,4726.768428450152
SGP,26,34061.06461815251
SGP,27,2592.4092530072176
SGP,28,8476.686867818455
SGP,29T30,10824.26356789337
SGP,31T33,6512.572537081738
SGP,35,9978.125402497382
SGP,36T39,3614.991079449616
SGP,41T43,29671.128323559984
SGP,45T47,115691.44690359438
SGP,49,7833.142506225398
SGP,50,9222.525571762366
SGP,51,6343.429669851779
SGP,52,14858.668726355474
SGP,53,1156.32310032082
SGP,55T56,17269.55765373918
SGP,58T60,4432.819604986938
SGP,61,13901.536413018668
SGP,62T63,12146.646200088933
SGP,64T66,68266.21852457596
SGP,68,41377.82591478751
SGP,69T75,27915.45169835553
SGP,77T82,23679.58140864331
SGP,84,26100.156151225972
SGP,85,24522.44031116396
SGP,86T88,14619.641220229425
SGP,90T93,6246.9596363435985
SGP,94T98,42355.62357723297
SVK,01T02,2609.927453346671
SVK,03,5.657641292565381
SVK,05T06,253.8798176179245
SVK,07T08,155.91534377237173
SVK,10T12,1390.8633376105313
SVK,13T15,819.4534977998471
SVK,16,864.1037132485385
SVK,17T18,688.3599371439552
SVK,19,454.72510411480744
SVK,20,700.6169952634584
SVK,21,86.32558008856033
SVK,22,1728.5550648847366
SVK,23,829.7877584102478
SVK,24,1478.7948399290117
SVK,25,3000.6599943507335
SVK,26,762.5832158317216
SVK,27,1261.767029684816
SVK,28,1861.6182475667447
SVK,29T30,5456.03650993753
SVK,31T33,1404.3101837585646
SVK,35,2723.252563724138
SVK,36T39,890.3345538046274
SVK,41T43,7802.957167863104
SVK,45T47,11431.3950291976
SVK,49,4558.915605294452
SVK,50,17.367901511781497
SVK,51,54.389094807488846
SVK,52,2221.4007807190897
SVK,53,380.0502824210386
SVK,55T56,1508.4401583380209
SVK,58T60,651.4035947642432
SVK,61,1399.0041705661197
SVK,62T63,2596.0226622444584
SVK,64T66,3037.940620395664
SVK,68,9413.265010797099
SVK,69T75,6467.427848825153
SVK,77T82,3551.52902602215
SVK,84,6734.927154161744
SVK,85,3561.534253264015
SVK,86T88,3682.5442641294103
SVK,90T93,984.3525574720275
SVK,94T98,1207.617784505605
SVN,01T02,1310.0811033921007
SVN,03,6.108054828016295
SVN,05T06,98.72430740682225
SVN,07T08,83.27070695570546
SVN,10T12,828.9257089251025
SVN,13T15,379.28548796071357
SVN,16,379.32299247638116
SVN,17T18,459.89613412140716
SVN,19,1.4911934363432628
SVN,20,528.4189587983108
SVN,21,1328.1535970789732
SVN,22,887.5137202573578
SVN,23,452.9108630601553
SVN,24,650.6308525485451
SVN,25,1643.5073276007583
SVN,26,375.28861118662957
SVN,27,1183.2733329189696
SVN,28,843.3177868678126
SVN,29T30,1162.3523510077416
SVN,31T33,991.6419253327292
SVN,35,1158.6569036036565
SVN,36T39,475.0513745055298
SVN,41T43,2967.5208558728746
SVN,45T47,6002.048926796902
SVN,49,1964.343250842779
SVN,50,30.438023682734233
SVN,51,78.70818125201771
SVN,52,1254.237022732863
SVN,53,235.93306967899446
SVN,55T56,1227.7308899413908
SVN,58T60,330.0737672477287
SVN,61,606.8495503328318
SVN,62T63,1019.8008746335372
SVN,64T66,1876.5075557074658
SVN,68,3579.337717019609
SVN,69T75,3439.2494488958764
SVN,77T82,1587.17837026164
SVN,84,2753.7659588415186
SVN,85,2510.485055544782
SVN,86T88,2537.7896395785847
SVN,90T93,679.8716251129638
SVN,94T98,566.617794518455
SWE,01T02,8169.111449605667
SWE,03,162.66597345002072
SWE,05T06,130.61007014597874
SWE,07T08,3237.2266489812737
SWE,10T12,6243.963737363165
SWE,13T15,648.6206334517447
SWE,16,3184.3044380411884
SWE,17T18,7047.071685464305
SWE,19,1452.2779079299744
SWE,20,3713.5706863083096
SWE,21,4369.915602449144
SWE,22,2215.8283324638624
SWE,23,2076.1597944661303
SWE,24,4479.58399571088
SWE,25,6865.46155087877
SWE,26,2964.88297146002
SWE,27,2825.9522204736486
SWE,28,11327.752315067866
SWE,29T30,17734.61537770172
SWE,31T33,3993.4423870106375
SWE,35,11329.52250987803
SWE,36T39,3572.3157116053853
SWE,41T43,35546.869917048134
SWE,45T47,53540.405507852556
SWE,49,13556.037137315976
SWE,50,1355.8358404041196
SWE,51,1266.7498287861094
SWE,52,10135.924478270343
SWE,53,1967.0547961528655
SWE,55T56,9267.066617599512
SWE,58T60,10749.871146973392
SWE,61,7373.080687054455
SWE,62T63,20686.618472842016
SWE,64T66,19895.19324250805
SWE,68,45839.189940370416
SWE,69T75,40804.88455917144
SWE,77T82,18927.447816968714
SWE,84,24954.579380859417
SWE,85,28369.436169933233
SWE,86T88,54384.81612347059
SWE,90T93,6930.70896478686
SWE,94T98,8121.436808377031
THA,01T02,38503.496394211295
THA,03,4440.83868791032
THA,05T06,10160.661479055509
THA,07T08,2174.32824162213
THA,10T12,23488.91175796294
THA,13T15,14733.609502348263
THA,16,1384.5640077026878
THA,17T18,2912.5377750855614
THA,19,6619.704506990573
THA,20,11068.899317142634
THA,21,1400.33532919448
THA,22,6581.514888753936
THA,23,5451.846484740901
THA,24,3425.8600704135333
THA,25,3813.7455800131593
THA,26,19374.26904354614
THA,27,4570.728415229323
THA,28,4803.416831798651
THA,29T30,13566.034462327123
THA,31T33,9283.637822878678
THA,35,21576.90621761898
THA,36T39,2503.0153766856156
THA,41T43,11090.546514573343
THA,45T47,95655.95500644807
THA,49,9384.664736356208
THA,50,5154.3205714631185
THA,51,3607.167044581558
THA,52,586.4245237742356
THA,53,2089.343450394751
THA,55T56,17700.641285654558
THA,58T60,2785.449719245764
THA,61,6228.583757896866
THA,62T63,1726.4254309969178
THA,64T66,28802.094239086313
THA,68,13707.946620693734
THA,69T75,4307.076213291075
THA,77T82,5387.189402731689
THA,84,29800.125095997824
THA,85,20791.829731573685
THA,86T88,8628.362606555424
THA,90T93,1300.5741949766784
THA,94T98,6644.035991055787
TUN,01T02,3346.709698730854
TUN,03,632.055211830962
TUN,05T06,1117.3597490075215
TUN,07T08,127.2659301371437
TUN,10T12,1200.7186209530928
TUN,13T15,1499.3622357441645
TUN,16,120.98086635826655
TUN,17T18,175.38091178653758
TUN,19,29.352167366298204
TUN,20,314.53577363485783
TUN,21,217.83512179376737
TUN,22,95.86800637009623
TUN,23,438.63772785215167
TUN,24,66.30271141170817
TUN,25,489.97875652302173
TUN,26,381.4013011758743
TUN,27,181.3336187683983
TUN,28,413.25920632190446
TUN,29T30,427.13625671209024
TUN,31T33,253.07898744001278
TUN,35,164.1918651564689
TUN,36T39,113.33097469610065
TUN,41T43,1701.5177519915583
TUN,45T47,4006.064272036874
TUN,49,1491.7864822761958
TUN,50,116.1584532832216
TUN,51,115.48567024215288
TUN,52,780.3408189769974
TUN,53,300.04468922537393
TUN,55T56,1926.3951396956168
TUN,58T60,170.15111128569868
TUN,61,1225.2984583985246
TUN,62T63,372.059360499858
TUN,64T66,1709.7734236129932
TUN,68,2332.034572417752
TUN,69T75,1002.1385417471924
TUN,77T82,623.9522822567142
TUN,84,6739.7114039091175
TUN,85,98.488346946873
TUN,86T88,84.6514918039471
TUN,90T93,59.76586688906759
TUN,94T98,214.84086874507292
TUR,01T02,45674.216901032014
TUR,03,1146.3404376567055
TUR,05T06,2777.933925556205
TUR,07T08,6153.524842716723
TUR,10T12,21730.208128475053
TUR,13T15,29071.49451711317
TUR,16,1987.4324417638154
TUR,17T18,5512.257697426385
TUR,19,4083.970739258315
TUR,20,9205.103576210438
TUR,21,1877.863362882003
TUR,22,7746.720096696938
TUR,23,10143.20245926148
TUR,24,15748.780187320437
TUR,25,11246.225692768021
TUR,26,2878.2491183797574
TUR,27,5475.483461895537
TUR,28,7252.1295787971085
TUR,29T30,14761.223703032181
TUR,31T33,11256.036771084557
TUR,35,11741.42920627047
TUR,36T39,7180.5271192939035
TUR,41T43,58468.442562549506
TUR,45T47,97622.74256706939
TUR,49,47780.38294643181
TUR,50,4659.852064711955
TUR,51,6839.4762691329415
TUR,52,13951.20759151411
TUR,53,2059.8015052084047
TUR,55T56,24745.38811711143
TUR,58T60,3490.4835777843764
TUR,61,7870.104465303015
TUR,62T63,8743.05722674887
TUR,64T66,23863.609940678816
TUR,68,53260.51463642262
TUR,69T75,17646.06624568785
TUR,77T82,23564.34217581843
TUR,84,38299.10880342609
TUR,85,32251.6030918004
TUR,86T88,19444.83579696976
TUR,90T93,7093.887528089581
TUR,94T98,8216.220831969393
TWN,01T02,8995.070533121072
TWN,03,1511.5150691060692
TWN,05T06,691.8773290775539
TWN,07T08,659.844056684918
TWN,10T12,8454.217804474316
TWN,13T15,5361.712747454791
TWN,16,446.1751264739996
TWN,17T18,3525.414055262783
TWN,19,6156.049059909859
TWN,20,14845.522056027898
TWN,21,1461.19533688419
TWN,22,6165.600813977508
TWN,23,3607.5443299832878
TWN,24,10333.74959796673
TWN,25,10630.498202752424
TWN,26,79770.75915070606
TWN,27,5494.274378665203
TWN,28,9501.900278039258
TWN,29T30,9008.024195111197
TWN,31T33,2666.498530089414
TWN,35,6858.375269928354
TWN,36T39,3618.3382260485546
TWN,41T43,14551.190298885544
TWN,45T47,103328.60716506605
TWN,49,7755.732821821378
TWN,50,1052.3136539760262
TWN,51,2857.5687430207527
TWN,52,5402.289665880282
TWN,53,1289.1297202210137
TWN,55T56,14305.982632501256
TWN,58T60,4124.483025261136
TWN,61,8764.840670596517
TWN,62T63,5888.666523711869
TWN,64T66,39356.58122931418
TWN,68,48799.91433249987
TWN,69T75,13093.126247414852
TWN,77T82,9030.926053546928
TWN,84,39019.6916422069
TWN,85,25060.35501669955
TWN,86T88,17829.01389944713
TWN,90T93,4961.833631685313
TWN,94T98,14618.11177605376
USA,01T02,188181.57257870177
USA,03,4327.295865233796
USA,05T06,285459.844408588
USA,07T08,37509.93947653675
USA,10T12,245714.8115121351
USA,13T15,28175.868872434585
USA,16,41783.615432920255
USA,17T18,103130.34166644933
USA,19,195155.5588003953
USA,20,213963.17538424174
USA,21,168517.00045604474
USA,22,83762.6392325036
USA,23,69436.59560569466
USA,24,81713.90077691886
USA,25,157870.64023446062
USA,26,298643.7962673782
USA,27,65138.55867579639
USA,28,165092.42428241804
USA,29T30,330205.0286399707
USA,31T33,146904.04892796907
USA,35,289915.6353582966
USA,36T39,68161.6880188472
USA,41T43,868749.2812039776
USA,45T47,1982480.094405228
USA,49,314457.3937277159
USA,50,15470.275797943352
USA,51,120785.7642542434
USA,52,143884.041955027
USA,53,98243.27582792199
USA,55T56,566262.1627107204
USA,58T60,463461.1984655124
USA,61,324967.86409871513
USA,62T63,592106.0527830597
USA,64T66,1605158.011930113
USA,68,2521491.0377913914
USA,69T75,1579623.4739584252
USA,77T82,812826.0237639669
USA,84,1733414.194788316
USA,85,1104471.229767995
USA,86T88,1532952.4319346529
USA,90T93,215098.60493214347
USA,94T98,314429.6723992132
VNM,01T02,29800.19028809781
VNM,03,6162.364479033909
VNM,05T06,16204.632596066454
VNM,07T08,1003.1514951057679
VNM,10T12,11542.914619974938
VNM,13T15,18111.071309060622
VNM,16,1072.4670383210578
VNM,17T18,2006.2172893747957
VNM,19,1855.7747036164856
VNM,20,3396.3512782024845
VNM,21,1024.8181392670572
VNM,22,3244.784678040449
VNM,23,5245.083640650826
VNM,24,3222.9197912813834
VNM,25,3446.0871024690423
VNM,26,6040.783065582225
VNM,27,5232.054991303514
VNM,28,1069.889666260759
VNM,29T30,4147.644281740726
VNM,31T33,5801.9253754463425
VNM,35,6700.041011516218
VNM,36T39,1144.2777216832249
VNM,41T43,12627.997933024191
VNM,45T47,24152.776260310235
VNM,49,3532.5530521891496
VNM,50,952.1494020223709
VNM,51,923.6302829989827
VNM,52,2962.373977588568
VNM,53,510.83459063275075
VNM,55T56,7153.064298708481
VNM,58T60,730.163580518898
VNM,61,2592.6872602087087
VNM,62T63,811.4550997377796
VNM,64T66,7728.68776752645
VNM,68,7767.704689272196
VNM,69T75,5007.6605556916065
VNM,77T82,1432.3722819406169
VNM,84,5971.9180757568065
VNM,85,7499.069331414834
VNM,86T88,2489.803669113352
VNM,90T93,2288.7067361663217
VNM,94T98,1713.1447130781492
ZAF,01T02,8593.203321967634
ZAF,03,743.1140751001057
ZAF,05T06,5527.938532820202
ZAF,07T08,15305.583540235199
ZAF,10T12,10672.188564548094
ZAF,13T15,2014.7894305319978
ZAF,16,839.2782117062816
ZAF,17T18,3019.8207511433166
ZAF,19,5682.436347363193
ZAF,20,4009.485845665682
ZAF,21,874.4764261608077
ZAF,22,1310.191974021193
ZAF,23,1465.2909511162898
ZAF,24,3178.2057796885874
ZAF,25,2359.947240548825
ZAF,26,626.2509117419111
ZAF,27,1232.592258965653
ZAF,28,3217.755443491107
ZAF,29T30,4897.596828231688
ZAF,31T33,917.587105453852
ZAF,35,7963.712284340942
ZAF,36T39,4356.483843401691
ZAF,41T43,9328.171015323169
ZAF,45T47,37573.16867833656
ZAF,49,10553.901899855166
ZAF,50,263.943786829307
ZAF,51,1871.4340978343548
ZAF,52,5180.496176593007
ZAF,53,730.7466677487749
ZAF,55T56,5211.54053435393
ZAF,58T60,1562.225868594564
ZAF,61,8026.19269294884
ZAF,62T63,4516.089462196631
ZAF,64T66,24096.418715315373
ZAF,68,24786.28012847696
ZAF,69T75,14389.458859885637
ZAF,77T82,10118.366510895665
ZAF,84,29981.399429251593
ZAF,85,23896.067806781146
ZAF,86T88,17191.504851740967
ZAF,90T93,2303.644276630616
ZAF,94T98,28014.360704473926
